sample_id,domain,split,speckle_path,phase_path,pair_method,class_id,group_id,speckle_sha256,phase_sha256,phase_phash
digits_test_00000_000000,digits,test,E:\laser and photonics\MCF-QPI_项目\MCF_QPI_RVQTwin\data\smoke\raw\digits\test\speckles\speckle_00000.png,E:\laser and photonics\MCF-QPI_项目\MCF_QPI_RVQTwin\data\smoke\raw\digits\test\phases\phase_00000.png,normalized_key,,5412e8f0d96afc508af05abb2a2330c0217a05a260b960e6edef440e65c8f7d2,3aba74d219b2cbc80ccc85f0f592aa7b3884596f65c476d2b3e31ecc6fd92e81,5412e8f0d96afc508af05abb2a2330c0217a05a260b960e6edef440e65c8f7d2,00000000000007e007f00ff00df81df81ff80ff80ff007f007e0000000000000
digits_test_00001_000001,digits,test,E:\laser and photonics\MCF-QPI_项目\MCF_QPI_RVQTwin\data\smoke\raw\digits\test\speckles\speckle_00001.png,E:\laser and photonics\MCF-QPI_项目\MCF_QPI_RVQTwin\data\smoke\raw\digits\test\phases\phase_00001.png,normalized_key,,cb901a5f62bb3ad171f0ee2d5f74e01ba6315bedf38cb6714cbe9eddc8dd4c91,a91bbb58c5313b8667e7ae8fba1a82ab65560f17b790d9146a5e804335c907ed,cb901a5f62bb3ad171f0ee2d5f74e01ba6315bedf38cb6714cbe9eddc8dd4c91,000000000000002001f003f007f01fe01fe01ce000e000600000000000000000
digits_test_00002_000002,digits,test,E:\laser and photonics\MCF-QPI_项目\MCF_QPI_RVQTwin\data\smoke\raw\digits\test\speckles\speckle_00002.png,E:\laser and photonics\MCF-QPI_项目\MCF_QPI_RVQTwin\data\smoke\raw\digits\test\phases\phase_00002.png,normalized_key,,f94d458d23becc38fc97080fb37c0fc300bac7d52ce0f37639a906e21eb8b64c,93568dc1a63ed13b6f5217c59266cfd8f0d27dfeb3dc9d2594d024c724e691fd,f94d458d23becc38fc97080fb37c0fc300bac7d52ce0f37639a906e21eb8b64c,0000000006000e000e700ff01ff01fe03f803e003c0000000000000000000000
digits_test_00003_000003,digits,test,E:\laser and photonics\MCF-QPI_项目\MCF_QPI_RVQTwin\data\smoke\raw\digits\test\speckles\speckle_00003.png,E:\laser and photonics\MCF-QPI_项目\MCF_QPI_RVQTwin\data\smoke\raw\digits\test\phases\phase_00003.png,normalized_key,,2c7afc3ed93d3e8ff19a345d0b1f801445316f8931120abdbe774e7edb0a163d,868d659f72091d2ca4f10871c1d6d6f6268bb9d8d9c7518196c5d0c117441e86,2c7afc3ed93d3e8ff19a345d0b1f801445316f8931120abdbe774e7edb0a163d,00000000000007f00ff00e700ff81ff81ff80ff80ff007f007e0000000000000
digits_test_00004_000004,digits,test,E:\laser and photonics\MCF-QPI_项目\MCF_QPI_RVQTwin\data\smoke\raw\digits\test\speckles\speckle_00004.png,E:\laser and photonics\MCF-QPI_项目\MCF_QPI_RVQTwin\data\smoke\raw\digits\test\phases\phase_00004.png,normalized_key,,8c63942c62228ec47c3d594f046638b761dd9b79bc1561fcc5c6462eacc0147e,5ba7afe18ff59c428abde2ff4fde11c0e1a9a295d7e6dccc9f516a627ca5cd76,8c63942c62228ec47c3d594f046638b761dd9b79bc1561fcc5c6462eacc0147e,00000000008007e007f00ff00fb81fb83fb83f381f701ff00fe0008000000000
digits_test_00005_000005,digits,test,E:\laser and photonics\MCF-QPI_项目\MCF_QPI_RVQTwin\data\smoke\raw\digits\test\speckles\speckle_00005.png,E:\laser and photonics\MCF-QPI_项目\MCF_QPI_RVQTwin\data\smoke\raw\digits\test\phases\phase_00005.png,normalized_key,,bfc4fca3ed4607774e0cedcc8086708831114b1dd97b20cb1cfb4e202ba416b6,e55ab1f74c315eb91006b8798d7f457ee3db0b0de479e8dfaaefd9cb6496f544,bfc4fca3ed4607774e0cedcc8086708831114b1dd97b20cb1cfb4e202ba416b6,00000000000007e007f00ff00ff81ff81f781ef81ff01ff00fe0008000000000
digits_test_00006_000006,digits,test,E:\laser and photonics\MCF-QPI_项目\MCF_QPI_RVQTwin\data\smoke\raw\digits\test\speckles\speckle_00006.png,E:\laser and photonics\MCF-QPI_项目\MCF_QPI_RVQTwin\data\smoke\raw\digits\test\phases\phase_00006.png,normalized_key,,a88a2cef2ec52c4582dfd48a159225ffda0c68ded2d051054a4d3a22eeb45357,ee635dbb77c6c52c082a09f236afd98420da85a027ca74996a167f7d6fc25db1,a88a2cef2ec52c4582dfd48a159225ffda0c68ded2d051054a4d3a22eeb45357,000000000ff00ff00ff00f800f00060000000000000000000000000000000000
digits_test_00007_000007,digits,test,E:\laser and photonics\MCF-QPI_项目\MCF_QPI_RVQTwin\data\smoke\raw\digits\test\speckles\speckle_00007.png,E:\laser and photonics\MCF-QPI_项目\MCF_QPI_RVQTwin\data\smoke\raw\digits\test\phases\phase_00007.png,normalized_key,,23a65895ff26abab29a6eef5e0221eace03a6e92bcd726f3624f911984bdc9b5,d88ec45e42d04237fbcbfe809264272ebf7f5b07e55ee6f753a43a27785d7353,23a65895ff26abab29a6eef5e0221eace03a6e92bcd726f3624f911984bdc9b5,0000000001800fe00ff01ff01ff83f381c381c380e700ff007e0018000000000
digits_test_00008_000008,digits,test,E:\laser and photonics\MCF-QPI_项目\MCF_QPI_RVQTwin\data\smoke\raw\digits\test\speckles\speckle_00008.png,E:\laser and photonics\MCF-QPI_项目\MCF_QPI_RVQTwin\data\smoke\raw\digits\test\phases\phase_00008.png,normalized_key,,eccac7f5da8bb9b4829c6cb1a003e151eab2bc2d68011ad6f1a0463f5597c2e6,0d44be5c94e6c1ac0766ae2611df0ca1db3287d7145d7c2a93e4b5d8bdde9eaa,eccac7f5da8bb9b4829c6cb1a003e151eab2bc2d68011ad6f1a0463f5597c2e6,00000000008007e00ff80ff80fb81cf81cf81c781ff81ff80fe0008000000000
digits_test_00009_000009,digits,test,E:\laser and photonics\MCF-QPI_项目\MCF_QPI_RVQTwin\data\smoke\raw\digits\test\speckles\speckle_00009.png,E:\laser and photonics\MCF-QPI_项目\MCF_QPI_RVQTwin\data\smoke\raw\digits\test\phases\phase_00009.png,normalized_key,,1fc6c9d871f684da59afecadcc1702a0e945b9e12422bc9578ffd85c282fd9d5,0987f550c88e6c5530fc0a89f99af8ac132974fbff4de320f004d5ecaf2072b0,1fc6c9d871f684da59afecadcc1702a0e945b9e12422bc9578ffd85c282fd9d5,00000000010007e007f00ff01fb81fb81fb81fb80f700ff007e0000000000000
digits_test_00010_000010,digits,test,E:\laser and photonics\MCF-QPI_项目\MCF_QPI_RVQTwin\data\smoke\raw\digits\test\speckles\speckle_00010.png,E:\laser and photonics\MCF-QPI_项目\MCF_QPI_RVQTwin\data\smoke\raw\digits\test\phases\phase_00010.png,normalized_key,,a4e5267f6ec719ad716f5abf83656640608b175017caf6894ced1204b91537d6,bbf77011dbe16d38f61e98e84c6616fe80bf6216e6c72c9212504fd60572d2f2,a4e5267f6ec719ad716f5abf83656640608b175017caf6894ced1204b91537d6,00000000000007e007f00e703ff81ff81ff80ff80ff007f007e0000000000000
digits_test_00011_000011,digits,test,E:\laser and photonics\MCF-QPI_项目\MCF_QPI_RVQTwin\data\smoke\raw\digits\test\speckles\speckle_00011.png,E:\laser and photonics\MCF-QPI_项目\MCF_QPI_RVQTwin\data\smoke\raw\digits\test\phases\phase_00011.png,normalized_key,,b285d295adccf91f7bd23f341aea775389d4601746dbe6588579e800b2e197e4,438929d6ff900d82b44ff74e59082581b8a817607c016e0c28fe283711e36609,b285d295adccf91f7bd23f341aea775389d4601746dbe6588579e800b2e197e4,0000000000000c000e000f000f000f00070007000f000f000e000e0000000000
digits_train_00000_000012,digits,train,E:\laser and photonics\MCF-QPI_项目\MCF_QPI_RVQTwin\data\smoke\raw\digits\train\speckles\speckle_00000.png,E:\laser and photonics\MCF-QPI_项目\MCF_QPI_RVQTwin\data\smoke\raw\digits\train\phases\phase_00000.png,normalized_key,,ac645375d5fa4e4de61ae0683ba72903ba55e62fbddbaa4c2a98daffaf7543cd,104799bad97c95479cb01b62d5407a1373f07b5cce6130c2c9d8e46c24d6466f,ac645375d5fa4e4de61ae0683ba72903ba55e62fbddbaa4c2a98daffaf7543cd,0000000000000000078007c00fc00fc001e000f000780078003c001800000000
digits_train_00001_000013,digits,train,E:\laser and photonics\MCF-QPI_项目\MCF_QPI_RVQTwin\data\smoke\raw\digits\train\speckles\speckle_00001.png,E:\laser and photonics\MCF-QPI_项目\MCF_QPI_RVQTwin\data\smoke\raw\digits\train\phases\phase_00001.png,normalized_key,,0c4ef5ebd4e3b20b9f9346077625131ad1dd24841f8d6abcb929b48f9aa342b6,0a6da320fc03616f9abff55d1fd3215ae3e09e3599ecfb9737977d4b78985e22,0c4ef5ebd4e3b20b9f9346077625131ad1dd24841f8d6abcb929b48f9aa342b6,0000000031803fe01ff01ef01ff81ff81f380e380e7007f007e0008000000000
digits_train_00002_000014,digits,train,E:\laser and photonics\MCF-QPI_项目\MCF_QPI_RVQTwin\data\smoke\raw\digits\train\speckles\speckle_00002.png,E:\laser and photonics\MCF-QPI_项目\MCF_QPI_RVQTwin\data\smoke\raw\digits\train\phases\phase_00002.png,normalized_key,,9091953d3e59e1fabc68a6aa387b0d2074a3cb6a99c3951e41207628a0fa0dd5,04211d78be7a8d75ba0da56a6d4d3c5e607bc5e1bae2b8d090159d0600f4514e,9091953d3e59e1fabc68a6aa387b0d2074a3cb6a99c3951e41207628a0fa0dd5,00000000018007e00ff00e700fb81ff81ff81e781f700ff007e0018000000000
digits_train_00003_000015,digits,train,E:\laser and photonics\MCF-QPI_项目\MCF_QPI_RVQTwin\data\smoke\raw\digits\train\speckles\speckle_00003.png,E:\laser and photonics\MCF-QPI_项目\MCF_QPI_RVQTwin\data\smoke\raw\digits\train\phases\phase_00003.png,normalized_key,,30cdf662ade02d1b8eb6c80b17cb27825d4f03f2da31d8516743a9680db358a7,0a61dec1c1839a7e878cac1461aa23d0d84f253611c350b96196082ddd7e5ebc,30cdf662ade02d1b8eb6c80b17cb27825d4f03f2da31d8516743a9680db358a7,000000000000000003f80ffc0ff80e701fe01fe01fc01f801c001c0000000000
digits_train_00004_000016,digits,train,E:\laser and photonics\MCF-QPI_项目\MCF_QPI_RVQTwin\data\smoke\raw\digits\train\speckles\speckle_00004.png,E:\laser and photonics\MCF-QPI_项目\MCF_QPI_RVQTwin\data\smoke\raw\digits\train\phases\phase_00004.png,normalized_key,,245a0fb74595af89a25a166092fd970aedd9af17d74dccd2b8370d8b34de5dbc,242ddae71480cec4281bb52cf8c370b5b27ceb510f2caa29932b4ded19d1a819,245a0fb74595af89a25a166092fd970aedd9af17d74dccd2b8370d8b34de5dbc,00000000000003ec07fc0e3c0c380cb80df80ff80ff807f80ff00f3004000000
digits_train_00005_000017,digits,train,E:\laser and photonics\MCF-QPI_项目\MCF_QPI_RVQTwin\data\smoke\raw\digits\train\speckles\speckle_00005.png,E:\laser and photonics\MCF-QPI_项目\MCF_QPI_RVQTwin\data\smoke\raw\digits\train\phases\phase_00005.png,normalized_key,,0ef9e2635531e15222437beb2a39bbe8a74051e990c8095e1134889c40b6d84d,f8918c83ab3596783edfaaf4396695bae33c25b483bdc5278118f65e0e15d99f,0ef9e2635531e15222437beb2a39bbe8a74051e990c8095e1134889c40b6d84d,0000000003f003f807f80ff80df80df80df80df00ff007f003e0000000000000
digits_train_00006_000018,digits,train,E:\laser and photonics\MCF-QPI_项目\MCF_QPI_RVQTwin\data\smoke\raw\digits\train\speckles\speckle_00006.png,E:\laser and photonics\MCF-QPI_项目\MCF_QPI_RVQTwin\data\smoke\raw\digits\train\phases\phase_00006.png,normalized_key,,8462ced88a4a934e25e67be60adbfc7be05fd0c09e74b88988dab315ed559017,26af6afac09f61655d79f1c3ddf807256cacc6b44c78ffd9e3ba2c27072a5dc1,8462ced88a4a934e25e67be60adbfc7be05fd0c09e74b88988dab315ed559017,00000000000007f80ff81fb81fb807f803f800f000700038003c001800000000
digits_train_00007_000019,digits,train,E:\laser and photonics\MCF-QPI_项目\MCF_QPI_RVQTwin\data\smoke\raw\digits\train\speckles\speckle_00007.png,E:\laser and photonics\MCF-QPI_项目\MCF_QPI_RVQTwin\data\smoke\raw\digits\train\phases\phase_00007.png,normalized_key,,0b37e4308e2b716d705a8279376e6b46a3c4d4ec7ca2558009e7623c0cddc28a,d2596e2a88056f35e9c2d331687847872bf2c42b79aaf118cb0772f7d77ba8d6,0b37e4308e2b716d705a8279376e6b46a3c4d4ec7ca2558009e7623c0cddc28a,0000000007800fe00ff00ff00ff00ff80ff80fb80ff007f007e0030000000000
digits_train_00008_000020,digits,train,E:\laser and photonics\MCF-QPI_项目\MCF_QPI_RVQTwin\data\smoke\raw\digits\train\speckles\speckle_00008.png,E:\laser and photonics\MCF-QPI_项目\MCF_QPI_RVQTwin\data\smoke\raw\digits\train\phases\phase_00008.png,normalized_key,,d7b9e30d414363e93589e74ab1785d0eed17f558dc733a3e3ee69308b0e139ef,6e9507569f7100581b0952874ea3e81e7ca483ab4584ede352073e248df7a2d0,d7b9e30d414363e93589e74ab1785d0eed17f558dc733a3e3ee69308b0e139ef,000000000030007800f801f001e003e003f001f000f000000000000000000000
digits_train_00009_000021,digits,train,E:\laser and photonics\MCF-QPI_项目\MCF_QPI_RVQTwin\data\smoke\raw\digits\train\speckles\speckle_00009.png,E:\laser and photonics\MCF-QPI_项目\MCF_QPI_RVQTwin\data\smoke\raw\digits\train\phases\phase_00009.png,normalized_key,,660834793e8b0b6529b75c7878b9ec5569d13b3a33a03fb0ede87a3083899473,a796c2934626e7df39b95fe4c1e6bbae41bee0343662c6a8cc7cd735b65239c6,660834793e8b0b6529b75c7878b9ec5569d13b3a33a03fb0ede87a3083899473,00000000008007e007f00ff00cf81ff81ff80ff80ff007f007e0000000000000
digits_train_00010_000022,digits,train,E:\laser and photonics\MCF-QPI_项目\MCF_QPI_RVQTwin\data\smoke\raw\digits\train\speckles\speckle_00010.png,E:\laser and photonics\MCF-QPI_项目\MCF_QPI_RVQTwin\data\smoke\raw\digits\train\phases\phase_00010.png,normalized_key,,8cc428e528050c3b2c717b02b04212d8a4723d339f024e6e5803438b1db834f3,f1e37f890abb5798161548a5a0cde3062a5c317c0044aaa4c339c55fd3096cc4,8cc428e528050c3b2c717b02b04212d8a4723d339f024e6e5803438b1db834f3,0000000007003f803fc01fc007c00fc007000000000000000000000000000000
digits_train_00011_000023,digits,train,E:\laser and photonics\MCF-QPI_项目\MCF_QPI_RVQTwin\data\smoke\raw\digits\train\speckles\speckle_00011.png,E:\laser and photonics\MCF-QPI_项目\MCF_QPI_RVQTwin\data\smoke\raw\digits\train\phases\phase_00011.png,normalized_key,,faadb91883e00b02364aabfe69b7f9e7d382487ac77a2a9534549cacc5de99ef,2ab29ff0316e6faeb94b1ca2bdbecb6f724f4c296c3616d2eca45a096b77ba0c,faadb91883e00b02364aabfe69b7f9e7d382487ac77a2a9534549cacc5de99ef,000000000c801fe01ff00f700fb81fb81df80cf80ef007f007f000b000000000
digits_train_00012_000024,digits,train,E:\laser and photonics\MCF-QPI_项目\MCF_QPI_RVQTwin\data\smoke\raw\digits\train\speckles\speckle_00012.png,E:\laser and photonics\MCF-QPI_项目\MCF_QPI_RVQTwin\data\smoke\raw\digits\train\phases\phase_00012.png,normalized_key,,eaeee20c25f83c8b6d9d3e5b9fc54c8a8056567302c54612603ba70f8872a461,7b0a58e92e795b82995a0bf6bf33b59e7b0f07c35d997268e1924a3b8e9c1ca8,eaeee20c25f83c8b6d9d3e5b9fc54c8a8056567302c54612603ba70f8872a461,0000000038003e001f8007e001f800fc01f801f001e000e000e0000000000000
digits_train_00013_000025,digits,train,E:\laser and photonics\MCF-QPI_项目\MCF_QPI_RVQTwin\data\smoke\raw\digits\train\speckles\speckle_00013.png,E:\laser and photonics\MCF-QPI_项目\MCF_QPI_RVQTwin\data\smoke\raw\digits\train\phases\phase_00013.png,normalized_key,,e71a386045705577cfad2598caa2aeed7643e1e63013b76dd54004a53c39d03e,fcf72289717b265894dedae0ae5eb9d9083281e917c51800bdeda41028fba577,e71a386045705577cfad2598caa2aeed7643e1e63013b76dd54004a53c39d03e,00000000018007e00ff00ff01ff81f381e380e380e700ff007e0078000000000
digits_train_00014_000026,digits,train,E:\laser and photonics\MCF-QPI_项目\MCF_QPI_RVQTwin\data\smoke\raw\digits\train\speckles\speckle_00014.png,E:\laser and photonics\MCF-QPI_项目\MCF_QPI_RVQTwin\data\smoke\raw\digits\train\phases\phase_00014.png,normalized_key,,9e040f9bd027be44d4f516aa8523c06a827b2f20e2b88a65c3feafd2f21dc1fd,8c6045f10b41725505b8ac7f92a3522baf3db9bcc6e97f3d4050dc0f5da5a592,9e040f9bd027be44d4f516aa8523c06a827b2f20e2b88a65c3feafd2f21dc1fd,000000000010007801fc03fc07fc03d803800780070007000e00060000000000
digits_train_00015_000027,digits,train,E:\laser and photonics\MCF-QPI_项目\MCF_QPI_RVQTwin\data\smoke\raw\digits\train\speckles\speckle_00015.png,E:\laser and photonics\MCF-QPI_项目\MCF_QPI_RVQTwin\data\smoke\raw\digits\train\phases\phase_00015.png,normalized_key,,dce653dcc7f23b310f77272f73b3d9ec26942628b6ddffd47ec02e63364b88c8,c55ebe38356943bef928cafc4a5e3766531c66f5ba239bd37c1f654697ad4bb6,dce653dcc7f23b310f77272f73b3d9ec26942628b6ddffd47ec02e63364b88c8,000000001e001f801fe01ff01ff001f000000000000000000000000000000000
digits_train_00016_000028,digits,train,E:\laser and photonics\MCF-QPI_项目\MCF_QPI_RVQTwin\data\smoke\raw\digits\train\speckles\speckle_00016.png,E:\laser and photonics\MCF-QPI_项目\MCF_QPI_RVQTwin\data\smoke\raw\digits\train\phases\phase_00016.png,normalized_key,,2f4d9fc9f33f143f2dccde80856feb9c00add80f3f13b621057e2ece494c5a47,e1ec7c3451e221331863313aa74723695a0f225f9bdb717ded91e1bfbe6efedc,2f4d9fc9f33f143f2dccde80856feb9c00add80f3f13b621057e2ece494c5a47,00000000008007e007f00e700ff81ff81ff80ff80ff007f007e0008000000000
digits_train_00017_000029,digits,train,E:\laser and photonics\MCF-QPI_项目\MCF_QPI_RVQTwin\data\smoke\raw\digits\train\speckles\speckle_00017.png,E:\laser and photonics\MCF-QPI_项目\MCF_QPI_RVQTwin\data\smoke\raw\digits\train\phases\phase_00017.png,normalized_key,,1e91f0e30c77054871f3756faa91b97dc21b0ba78afd123f6f861297d23bd634,70adb5811bc4abc17738173bf7e8d6233e2647b71651c081f085f2628b1ddbde,1e91f0e30c77054871f3756faa91b97dc21b0ba78afd123f6f861297d23bd634,000000000000000008001f001f001f000f000f80078007800380030000000000
digits_train_00018_000030,digits,train,E:\laser and photonics\MCF-QPI_项目\MCF_QPI_RVQTwin\data\smoke\raw\digits\train\speckles\speckle_00018.png,E:\laser and photonics\MCF-QPI_项目\MCF_QPI_RVQTwin\data\smoke\raw\digits\train\phases\phase_00018.png,normalized_key,,1399c86b0834da774822721f15fc0f047be7547bdd8661954f01699007faaa59,8943ac9fe5252e9a5f5fdae06d105f59274ea25cb49bf20e858ec1aa5f765b2c,1399c86b0834da774822721f15fc0f047be7547bdd8661954f01699007faaa59,0000000031801fe01ff00f700fb81fb81df80df80ef00ff007f0018000000000
digits_train_00019_000031,digits,train,E:\laser and photonics\MCF-QPI_项目\MCF_QPI_RVQTwin\data\smoke\raw\digits\train\speckles\speckle_00019.png,E:\laser and photonics\MCF-QPI_项目\MCF_QPI_RVQTwin\data\smoke\raw\digits\train\phases\phase_00019.png,normalized_key,,d39bf9931e38ae57fcfeff6ad941c3a4f162df120fdf010d7ec209ebb1db5448,c31384da3e0ea8f1a57f4f76071d8828a8cdb7ae9592ebca7c1ba2c409541a7f,d39bf9931e38ae57fcfeff6ad941c3a4f162df120fdf010d7ec209ebb1db5448,0000000001e007e007f00ff00ff80ef81ef81ff81ff01ff007e0000000000000
digits_train_00020_000032,digits,train,E:\laser and photonics\MCF-QPI_项目\MCF_QPI_RVQTwin\data\smoke\raw\digits\train\speckles\speckle_00020.png,E:\laser and photonics\MCF-QPI_项目\MCF_QPI_RVQTwin\data\smoke\raw\digits\train\phases\phase_00020.png,normalized_key,,aeeedcc7f1edd9d8917953c83ae0f5c912500a00d5538b54c60fbea45e455178,99498186fbe74cb25a8dbb03811ca8c2939c0597a2543540633ed39241828c35,aeeedcc7f1edd9d8917953c83ae0f5c912500a00d5538b54c60fbea45e455178,0000000007800fe00ff01ff01df81df83df83df80e7007f007e0008000000000
digits_train_00021_000033,digits,train,E:\laser and photonics\MCF-QPI_项目\MCF_QPI_RVQTwin\data\smoke\raw\digits\train\speckles\speckle_00021.png,E:\laser and photonics\MCF-QPI_项目\MCF_QPI_RVQTwin\data\smoke\raw\digits\train\phases\phase_00021.png,normalized_key,,17f6d004451d02a64541af115bf55361ad777c62064b5bd2ae1ce5405a57c239,ce7df02624f9bfdc510e039e0a8d83390e2d895e6cf6d3ba716407d157f52856,17f6d004451d02a64541af115bf55361ad777c62064b5bd2ae1ce5405a57c239,00000000000003e007e00ef00df00ff80ff80ff81ff81ff81fe0000000000000
digits_train_00022_000034,digits,train,E:\laser and photonics\MCF-QPI_项目\MCF_QPI_RVQTwin\data\smoke\raw\digits\train\speckles\speckle_00022.png,E:\laser and photonics\MCF-QPI_项目\MCF_QPI_RVQTwin\data\smoke\raw\digits\train\phases\phase_00022.png,normalized_key,,b03038a101261b1ac8afe19ef9bc670e33b447a3c1bfefc2387c9ad52fb3b0cd,2992c86c3fa9bb4d756836c993035af6defedfc9ede22e0f0ba442460205bc6e,b03038a101261b1ac8afe19ef9bc670e33b447a3c1bfefc2387c9ad52fb3b0cd,0000000001800fe01ff01ff00ff81ff81ff80f380f7007f007e0018000000000
digits_train_00023_000035,digits,train,E:\laser and photonics\MCF-QPI_项目\MCF_QPI_RVQTwin\data\smoke\raw\digits\train\speckles\speckle_00023.png,E:\laser and photonics\MCF-QPI_项目\MCF_QPI_RVQTwin\data\smoke\raw\digits\train\phases\phase_00023.png,normalized_key,,b31b834822f015daa8832b91a4d68fc5184073f6ec30ce70d96022a81e97b9e3,7393528f02dc6db808440fc150d9cacf7e85ea4ae4f2eb64796c2e0c5dd3c8c7,b31b834822f015daa8832b91a4d68fc5184073f6ec30ce70d96022a81e97b9e3,0000000001e007e00ff00ff00e781c781c381c381e780ff807e0018000000000
digits_train_00024_000036,digits,train,E:\laser and photonics\MCF-QPI_项目\MCF_QPI_RVQTwin\data\smoke\raw\digits\train\speckles\speckle_00024.png,E:\laser and photonics\MCF-QPI_项目\MCF_QPI_RVQTwin\data\smoke\raw\digits\train\phases\phase_00024.png,normalized_key,,f2e1fa63b5f7aacd802b7fa8359cc8d24ad7b505dcc0f49045566c706bcfd2f6,6bd84f548f8912591ee5c82b168b3e85808509fa22cb57552c170c0978522415,f2e1fa63b5f7aacd802b7fa8359cc8d24ad7b505dcc0f49045566c706bcfd2f6,00003f803fc01fc0078003801f801f800f800780038001800000000000000000
digits_train_00025_000037,digits,train,E:\laser and photonics\MCF-QPI_项目\MCF_QPI_RVQTwin\data\smoke\raw\digits\train\speckles\speckle_00025.png,E:\laser and photonics\MCF-QPI_项目\MCF_QPI_RVQTwin\data\smoke\raw\digits\train\phases\phase_00025.png,normalized_key,,534f4c550d168f7341518b1e2f1f9fb127d4df4f3a18306af7febe3b09147b7e,743cc9b19662a074b9f124e2134921cf1725021ac523f4e239302dd1d7acfb45,534f4c550d168f7341518b1e2f1f9fb127d4df4f3a18306af7febe3b09147b7e,00000000000000000030037807f007e00fc01f801f001e001e000c0000000000
digits_train_00026_000038,digits,train,E:\laser and photonics\MCF-QPI_项目\MCF_QPI_RVQTwin\data\smoke\raw\digits\train\speckles\speckle_00026.png,E:\laser and photonics\MCF-QPI_项目\MCF_QPI_RVQTwin\data\smoke\raw\digits\train\phases\phase_00026.png,normalized_key,,038a7990ce1b1efa8171b72b1f6ecc620e701b64dd3ea84c1b5315e6362b78a5,b167f6e488a852a71cbb2d4ad0e1e9e012d278947777880b175ba3fcd194d0aa,038a7990ce1b1efa8171b72b1f6ecc620e701b64dd3ea84c1b5315e6362b78a5,00000000018007e00ff00f700fb81ff81ff80ff80e7007f007e0018000000000
digits_train_00027_000039,digits,train,E:\laser and photonics\MCF-QPI_项目\MCF_QPI_RVQTwin\data\smoke\raw\digits\train\speckles\speckle_00027.png,E:\laser and photonics\MCF-QPI_项目\MCF_QPI_RVQTwin\data\smoke\raw\digits\train\phases\phase_00027.png,normalized_key,,af1a2ee56dce79a9795c4b13c6b00612ab1793e390f61459a3f903cc1a41515c,932cf28aa555e19fc8f2a48a291c27e7a71b55be36149029fc4be164af8d914a,af1a2ee56dce79a9795c4b13c6b00612ab1793e390f61459a3f903cc1a41515c,0000000000000000000003f803f807f007e00fc00f800e000000000000000000
digits_train_00028_000040,digits,train,E:\laser and photonics\MCF-QPI_项目\MCF_QPI_RVQTwin\data\smoke\raw\digits\train\speckles\speckle_00028.png,E:\laser and photonics\MCF-QPI_项目\MCF_QPI_RVQTwin\data\smoke\raw\digits\train\phases\phase_00028.png,normalized_key,,74c24679578e01359b157c75decc1c5d049ea4db9e1f1361eb7c17f444a0c5dc,3a13d4e1371286a72684e008683671115ae23e44a2be9267d2714d328c6e6b8a,74c24679578e01359b157c75decc1c5d049ea4db9e1f1361eb7c17f444a0c5dc,00000000018007f007f80ff80f381f381f380f380f7007f007e0018000000000
digits_train_00029_000041,digits,train,E:\laser and photonics\MCF-QPI_项目\MCF_QPI_RVQTwin\data\smoke\raw\digits\train\speckles\speckle_00029.png,E:\laser and photonics\MCF-QPI_项目\MCF_QPI_RVQTwin\data\smoke\raw\digits\train\phases\phase_00029.png,normalized_key,,ff9750dc7ca85ec3ffd341a62d708970228679439b39d61271ca99fcf736f319,6625dc12c5323cba26bebfcbd847aa67b4ca71ba91e4217cbfaff7e2c0f9ae89,ff9750dc7ca85ec3ffd341a62d708970228679439b39d61271ca99fcf736f319,0000000001e007f00ff00e780c381c381cf80df80ff80ff807f8019800000000
digits_train_00030_000042,digits,train,E:\laser and photonics\MCF-QPI_项目\MCF_QPI_RVQTwin\data\smoke\raw\digits\train\speckles\speckle_00030.png,E:\laser and photonics\MCF-QPI_项目\MCF_QPI_RVQTwin\data\smoke\raw\digits\train\phases\phase_00030.png,normalized_key,,40edd8ba3bbefe97c93fe9f2c21d509beeeb861efe644337fbae621d77d9fbe0,ca872b8f90d75bd227824648449d538b66399eb93347b160441fa244100408f9,40edd8ba3bbefe97c93fe9f2c21d509beeeb861efe644337fbae621d77d9fbe0,000000000e000e0007000700070007000f000e301ef01ff01fc01f0000000000
digits_train_00031_000043,digits,train,E:\laser and photonics\MCF-QPI_项目\MCF_QPI_RVQTwin\data\smoke\raw\digits\train\speckles\speckle_00031.png,E:\laser and photonics\MCF-QPI_项目\MCF_QPI_RVQTwin\data\smoke\raw\digits\train\phases\phase_00031.png,normalized_key,,c6d824224acaf9d313179ec1207ca36d412ac2b6d42eaeed8f26eefe5041b81a,0141716ac9fca4ac0b9ad70b4fef8c529b798aef492c433c3210843e5bea8b67,c6d824224acaf9d313179ec1207ca36d412ac2b6d42eaeed8f26eefe5041b81a,00000000018007e00ff00e701c781c781e781ff80ff00ff007e0018000000000
digits_train_00032_000044,digits,train,E:\laser and photonics\MCF-QPI_项目\MCF_QPI_RVQTwin\data\smoke\raw\digits\train\speckles\speckle_00032.png,E:\laser and photonics\MCF-QPI_项目\MCF_QPI_RVQTwin\data\smoke\raw\digits\train\phases\phase_00032.png,normalized_key,,75295c751bb693596ef598d06ebb757f5248d52b21a15951f2d50c95f0c8ed1f,82e33de936e9588ef9b2b73b304f4e21e663c1b5304e42aae17ddfe940712c37,75295c751bb693596ef598d06ebb757f5248d52b21a15951f2d50c95f0c8ed1f,00000000018007e00ff00e700c381fb81ff81ff81ff00ff007e001c000000000
digits_train_00033_000045,digits,train,E:\laser and photonics\MCF-QPI_项目\MCF_QPI_RVQTwin\data\smoke\raw\digits\train\speckles\speckle_00033.png,E:\laser and photonics\MCF-QPI_项目\MCF_QPI_RVQTwin\data\smoke\raw\digits\train\phases\phase_00033.png,normalized_key,,01fa209a72471008d254fba9f1a4b49ad0a0950265a434bc7afcba66cd6dd9d8,bff3c39451ff5baf6726ba57ab36aa67ef68775fdc3ebe6c02d95676644afe8e,01fa209a72471008d254fba9f1a4b49ad0a0950265a434bc7afcba66cd6dd9d8,000000001e000fe00ff00ff80ff80ff80ff80df00ef007f003f0003000000000
digits_train_00034_000046,digits,train,E:\laser and photonics\MCF-QPI_项目\MCF_QPI_RVQTwin\data\smoke\raw\digits\train\speckles\speckle_00034.png,E:\laser and photonics\MCF-QPI_项目\MCF_QPI_RVQTwin\data\smoke\raw\digits\train\phases\phase_00034.png,normalized_key,,2b667fd376bf15d9aa02ec03ba30e78a724bd69a6b323695de9b1334db4e08c8,a0329cb775e1c7db525ce974afe1dd09aa5e697e96e595991b8f34eafd3521f6,2b667fd376bf15d9aa02ec03ba30e78a724bd69a6b323695de9b1334db4e08c8,00000000018007e00ff00e701e381e381fb81fb80ff00ff007e0018000000000
digits_train_00035_000047,digits,train,E:\laser and photonics\MCF-QPI_项目\MCF_QPI_RVQTwin\data\smoke\raw\digits\train\speckles\speckle_00035.png,E:\laser and photonics\MCF-QPI_项目\MCF_QPI_RVQTwin\data\smoke\raw\digits\train\phases\phase_00035.png,normalized_key,,c5ca9c2c675267247fc9ed0cce371f646c12d7a63f834d6a9e73466ca5f97611,ebbb4066be73e8ddf3b6b6ee94c0cbb568fcaac0c099bc74ac17875f0d630b71,c5ca9c2c675267247fc9ed0cce371f646c12d7a63f834d6a9e73466ca5f97611,0000000000000fe00ff00ff00ff80ff80ff80ff80ff007f003e0018000000000
digits_train_00036_000048,digits,train,E:\laser and photonics\MCF-QPI_项目\MCF_QPI_RVQTwin\data\smoke\raw\digits\train\speckles\speckle_00036.png,E:\laser and photonics\MCF-QPI_项目\MCF_QPI_RVQTwin\data\smoke\raw\digits\train\phases\phase_00036.png,normalized_key,,fd043159b867f94aa90acdab47fac2878af26d6bc23fce90a473b86c84e62811,f1f1bb43c7f983dfbc7d418d6cfdad1e9389647d54a4653e4877efe410427b1c,fd043159b867f94aa90acdab47fac2878af26d6bc23fce90a473b86c84e62811,00000000000000001e001f001f800f800fc007e003e000f00060000000000000
digits_train_00037_000049,digits,train,E:\laser and photonics\MCF-QPI_项目\MCF_QPI_RVQTwin\data\smoke\raw\digits\train\speckles\speckle_00037.png,E:\laser and photonics\MCF-QPI_项目\MCF_QPI_RVQTwin\data\smoke\raw\digits\train\phases\phase_00037.png,normalized_key,,04d5d191ac21c1ca9686ec5891d762f1ca66253df0025b9e00609134b10bfe67,3ae3d88df458148762ff91130683f503dd9b87c7308d1ac5368db2fa50ec8648,04d5d191ac21c1ca9686ec5891d762f1ca66253df0025b9e00609134b10bfe67,0000000000000f003f803fc01fe01fe00ff007b0038003800000000000000000
digits_train_00038_000050,digits,train,E:\laser and photonics\MCF-QPI_项目\MCF_QPI_RVQTwin\data\smoke\raw\digits\train\speckles\speckle_00038.png,E:\laser and photonics\MCF-QPI_项目\MCF_QPI_RVQTwin\data\smoke\raw\digits\train\phases\phase_00038.png,normalized_key,,e9945a1fadcf94d8b0ebd73d9090e215e1b6ea8876c49aca9ef86de4fea96aeb,f95a9c329a4583c8a2fc92cbd23d570529043fa739092c53468b80acbaea9d12,e9945a1fadcf94d8b0ebd73d9090e215e1b6ea8876c49aca9ef86de4fea96aeb,00000000000003e007f00ff80ff80ff80ff81ff81ff03ff01fe0180000000000
digits_train_00039_000051,digits,train,E:\laser and photonics\MCF-QPI_项目\MCF_QPI_RVQTwin\data\smoke\raw\digits\train\speckles\speckle_00039.png,E:\laser and photonics\MCF-QPI_项目\MCF_QPI_RVQTwin\data\smoke\raw\digits\train\phases\phase_00039.png,normalized_key,,25249b384b96f99d54a69244b2f6ce125ea4b62395395cfec8019bbd912a0319,b8dd9f3c529bbc84b5a0b63d53e1a09c98976215d6c43d9bc3b2ca3421b5c32f,25249b384b96f99d54a69244b2f6ce125ea4b62395395cfec8019bbd912a0319,00000000070007e007f00ff00ff80ff80ff80ff80f7007f003e0000000000000
digits_train_00040_000052,digits,train,E:\laser and photonics\MCF-QPI_项目\MCF_QPI_RVQTwin\data\smoke\raw\digits\train\speckles\speckle_00040.png,E:\laser and photonics\MCF-QPI_项目\MCF_QPI_RVQTwin\data\smoke\raw\digits\train\phases\phase_00040.png,normalized_key,,99320517afde3a7e21e9714c5b07e79d84d6c88a827053207dca85bcfe275c5d,c0d6d2d028d896d10cb547baee7c7e418d4c60715c160a48b73d31c7ed54ec53,99320517afde3a7e21e9714c5b07e79d84d6c88a827053207dca85bcfe275c5d,0000000003e007e007f00ff00ff80fb80fb80fb80ff007f007f800fc00000000
digits_train_00041_000053,digits,train,E:\laser and photonics\MCF-QPI_项目\MCF_QPI_RVQTwin\data\smoke\raw\digits\train\speckles\speckle_00041.png,E:\laser and photonics\MCF-QPI_项目\MCF_QPI_RVQTwin\data\smoke\raw\digits\train\phases\phase_00041.png,normalized_key,,05188255beac8e2347ff4522c84b611f451c3eb7c2799b84ae3ac03b41a0be07,3259e168f40377f529ea27e729bf7971d0e28746fd502ece6b31a3021dde3001,05188255beac8e2347ff4522c84b611f451c3eb7c2799b84ae3ac03b41a0be07,00000000000003e007f00ff00fb80fb80fb80fb80ff007f003e000e000000000
digits_train_00042_000054,digits,train,E:\laser and photonics\MCF-QPI_项目\MCF_QPI_RVQTwin\data\smoke\raw\digits\train\speckles\speckle_00042.png,E:\laser and photonics\MCF-QPI_项目\MCF_QPI_RVQTwin\data\smoke\raw\digits\train\phases\phase_00042.png,normalized_key,,56f39348cdafeda3bb9969c881b8e99fdd82aa91057935d5af32833e3ae9061e,f7ad96b27e8e1826c650ffe4be490829e26e1f964cc7efedeaec21eb09ef7919,56f39348cdafeda3bb9969c881b8e99fdd82aa91057935d5af32833e3ae9061e,0000000003000700070007800780078007c007f807f80e380e00040000000000
digits_train_00043_000055,digits,train,E:\laser and photonics\MCF-QPI_项目\MCF_QPI_RVQTwin\data\smoke\raw\digits\train\speckles\speckle_00043.png,E:\laser and photonics\MCF-QPI_项目\MCF_QPI_RVQTwin\data\smoke\raw\digits\train\phases\phase_00043.png,normalized_key,,bb074b7947451214a061f27d3146b5de88a05a6d83c5a268326d64db71d37184,d8aa822c2500e250a5b823bb1a06eb23841a4587b6160cfc1ade4666c5547040,bb074b7947451214a061f27d3146b5de88a05a6d83c5a268326d64db71d37184,0000000001e001e003e007e007e00fe01fe01fe03fc01fc007c0000000000000
digits_train_00044_000056,digits,train,E:\laser and photonics\MCF-QPI_项目\MCF_QPI_RVQTwin\data\smoke\raw\digits\train\speckles\speckle_00044.png,E:\laser and photonics\MCF-QPI_项目\MCF_QPI_RVQTwin\data\smoke\raw\digits\train\phases\phase_00044.png,normalized_key,,7d1ef91a34c5a74f98a3a5695a247d49ad605b5240159adee804a899d22bc41a,10b989964961d1c5a941f1fe2b3c404cb9deef63dd481ea7adbfb580f64e8937,7d1ef91a34c5a74f98a3a5695a247d49ad605b5240159adee804a899d22bc41a,00000000018007e00ff00e700f381ff81ff80ff80ff807f007e0018000000000
digits_train_00045_000057,digits,train,E:\laser and photonics\MCF-QPI_项目\MCF_QPI_RVQTwin\data\smoke\raw\digits\train\speckles\speckle_00045.png,E:\laser and photonics\MCF-QPI_项目\MCF_QPI_RVQTwin\data\smoke\raw\digits\train\phases\phase_00045.png,normalized_key,,db72ee98531fb66c2f89fb6235edbb18fdc0147d0daf9d2d98930004b0456ed0,b4a0c50d21a16b6c3a483a941854c8f064386baf1be5b7286eff8de5c72ac4ab,db72ee98531fb66c2f89fb6235edbb18fdc0147d0daf9d2d98930004b0456ed0,00000000038007e007f00ff00ff81ff81ff80ff80ff007f007e0000000000000
digits_train_00046_000058,digits,train,E:\laser and photonics\MCF-QPI_项目\MCF_QPI_RVQTwin\data\smoke\raw\digits\train\speckles\speckle_00046.png,E:\laser and photonics\MCF-QPI_项目\MCF_QPI_RVQTwin\data\smoke\raw\digits\train\phases\phase_00046.png,normalized_key,,eba4e9fc66c73733919f6baabfaa600e0c9fa008c9c867791b64a1a60790fd5a,a861d533bba07e44fdfa315ee5162ab5c35f4955dc010084f0c2e866a26dbcff,eba4e9fc66c73733919f6baabfaa600e0c9fa008c9c867791b64a1a60790fd5a,00000000000000300078007800f801f803f007f00fc00f800e00000000000000
digits_train_00047_000059,digits,train,E:\laser and photonics\MCF-QPI_项目\MCF_QPI_RVQTwin\data\smoke\raw\digits\train\speckles\speckle_00047.png,E:\laser and photonics\MCF-QPI_项目\MCF_QPI_RVQTwin\data\smoke\raw\digits\train\phases\phase_00047.png,normalized_key,,22ec028b0a2dc85e34d6d5edafcb042b647e6d2828c96d2c44118859c6e5b434,8649f6af3a7019e1f82101f68159a62e0d0a175983977496bc0e1dbc3e1f3c67,22ec028b0a2dc85e34d6d5edafcb042b647e6d2828c96d2c44118859c6e5b434,00000000008007e007f80ff81ff81e381c380c380ff807f007e0008000000000
digits_val_00000_000060,digits,val,E:\laser and photonics\MCF-QPI_项目\MCF_QPI_RVQTwin\data\smoke\raw\digits\val\speckles\speckle_00000.png,E:\laser and photonics\MCF-QPI_项目\MCF_QPI_RVQTwin\data\smoke\raw\digits\val\phases\phase_00000.png,normalized_key,,3375a6a874317efe4f1a0730237c4083223a90c7699dc3fc484eb49f9351b943,9804784cb7905a6d037255a9c39bda8640b7a4066634e9dd3cb4fa5982ee9920,3375a6a874317efe4f1a0730237c4083223a90c7699dc3fc484eb49f9351b943,000000000000000000e003e00fe01fc01fc00f80010000000000000000000000
digits_val_00001_000061,digits,val,E:\laser and photonics\MCF-QPI_项目\MCF_QPI_RVQTwin\data\smoke\raw\digits\val\speckles\speckle_00001.png,E:\laser and photonics\MCF-QPI_项目\MCF_QPI_RVQTwin\data\smoke\raw\digits\val\phases\phase_00001.png,normalized_key,,d7a4657654a0c7bff0d0e1cbd548ae8068c871a39d44d2d5e581f807cd363b81,10d3deee64fe3b0846a3f1f963cbf555fd17eecc498c6f28c8446ee880c87b77,d7a4657654a0c7bff0d0e1cbd548ae8068c871a39d44d2d5e581f807cd363b81,00000000018007e01ff03f701f381e381e381e381e701ff00fe0018000000000
digits_val_00002_000062,digits,val,E:\laser and photonics\MCF-QPI_项目\MCF_QPI_RVQTwin\data\smoke\raw\digits\val\speckles\speckle_00002.png,E:\laser and photonics\MCF-QPI_项目\MCF_QPI_RVQTwin\data\smoke\raw\digits\val\phases\phase_00002.png,normalized_key,,9d07f1e383ea83be0ce5431cd4864ba5360db7af3e90c2f0191f744599691383,28fa060485d121c033e75d949ee2909a0048cf00b86f518354ea0c89519bbbe2,9d07f1e383ea83be0ce5431cd4864ba5360db7af3e90c2f0191f744599691383,00000000000003e01ff03ff03ff03df83fb83fb01f301ff00fe00c0000000000
digits_val_00003_000063,digits,val,E:\laser and photonics\MCF-QPI_项目\MCF_QPI_RVQTwin\data\smoke\raw\digits\val\speckles\speckle_00003.png,E:\laser and photonics\MCF-QPI_项目\MCF_QPI_RVQTwin\data\smoke\raw\digits\val\phases\phase_00003.png,normalized_key,,0b1dc6c0e69bb0800b14e438d119c54e1f908af8f05b523b61f571dcf084f3bb,87e52d242ab27316dc20c94a9222e63e297d377392fc0ecb7329449979241b69,0b1dc6c0e69bb0800b14e438d119c54e1f908af8f05b523b61f571dcf084f3bb,0000000000000c000e000fc007f001f8007800380ff81ff81ff0000000000000
digits_val_00004_000064,digits,val,E:\laser and photonics\MCF-QPI_项目\MCF_QPI_RVQTwin\data\smoke\raw\digits\val\speckles\speckle_00004.png,E:\laser and photonics\MCF-QPI_项目\MCF_QPI_RVQTwin\data\smoke\raw\digits\val\phases\phase_00004.png,normalized_key,,676a33bfa905d0dd54fef97c4733528c0184dfa23f89b5c98934f402b20b5766,25beafb539e581687c2cf6478176da33be647a981bc8ccd27cfb9ed877d3bc77,676a33bfa905d0dd54fef97c4733528c0184dfa23f89b5c98934f402b20b5766,00000000000007e007f00ff00df81cf81cf80cf80ef007f007e001c000000000
digits_val_00005_000065,digits,val,E:\laser and photonics\MCF-QPI_项目\MCF_QPI_RVQTwin\data\smoke\raw\digits\val\speckles\speckle_00005.png,E:\laser and photonics\MCF-QPI_项目\MCF_QPI_RVQTwin\data\smoke\raw\digits\val\phases\phase_00005.png,normalized_key,,3f11e88f4d93e4d14a67f0d1026c80c400f0ec69baf9447726c9df256f35102d,d3c368f26b0057a57422822808bf241146bf6511194d835094414fb2de43bc08,3f11e88f4d93e4d14a67f0d1026c80c400f0ec69baf9447726c9df256f35102d,0000000008001c001e000f00078007c007e007f007f803300000000000000000
digits_val_00006_000066,digits,val,E:\laser and photonics\MCF-QPI_项目\MCF_QPI_RVQTwin\data\smoke\raw\digits\val\speckles\speckle_00006.png,E:\laser and photonics\MCF-QPI_项目\MCF_QPI_RVQTwin\data\smoke\raw\digits\val\phases\phase_00006.png,normalized_key,,a25566fa8a94ee867a2f302617d10f63ead0c4c1ec86e8d6c698b6b82411f787,88fa4cc2f8f38211d3ab6a63d2106e629142600117155edd80e54e709588d632,a25566fa8a94ee867a2f302617d10f63ead0c4c1ec86e8d6c698b6b82411f787,00000000020007e007f00f300fb80fb80fb80ff80ff80ff80fe0000000000000
digits_val_00007_000067,digits,val,E:\laser and photonics\MCF-QPI_项目\MCF_QPI_RVQTwin\data\smoke\raw\digits\val\speckles\speckle_00007.png,E:\laser and photonics\MCF-QPI_项目\MCF_QPI_RVQTwin\data\smoke\raw\digits\val\phases\phase_00007.png,normalized_key,,1ff724e6176160602d5d149c80dfc22da386c3f33403ccdc56cdc4f6552d601e,938892e3d270c4ffd0273330c4e1894e2d4c2381b51216576cf0a07c5535c4c2,1ff724e6176160602d5d149c80dfc22da386c3f33403ccdc56cdc4f6552d601e,00000000006030e038e038e0386038603c601f701ff01ff01ce0000000000000
digits_val_00008_000068,digits,val,E:\laser and photonics\MCF-QPI_项目\MCF_QPI_RVQTwin\data\smoke\raw\digits\val\speckles\speckle_00008.png,E:\laser and photonics\MCF-QPI_项目\MCF_QPI_RVQTwin\data\smoke\raw\digits\val\phases\phase_00008.png,normalized_key,,0afdd65ab39396a2134a5f8accb25dc871f1e7a5d669aafa43b1938263f7a6e7,c1aa0b43b62b33a6c5ea5da31ee11e93e016e81c2c033546dcf2e168391ee495,0afdd65ab39396a2134a5f8accb25dc871f1e7a5d669aafa43b1938263f7a6e7,00000000000007e007f00e700c381c381c780ff81ffc1ffc1ffc000800000000
digits_val_00009_000069,digits,val,E:\laser and photonics\MCF-QPI_项目\MCF_QPI_RVQTwin\data\smoke\raw\digits\val\speckles\speckle_00009.png,E:\laser and photonics\MCF-QPI_项目\MCF_QPI_RVQTwin\data\smoke\raw\digits\val\phases\phase_00009.png,normalized_key,,2f0e7805a8086b3aa1700469a23382a116baea9c1571e690f6492e95b91db315,5cf2ad99bf0af52b20933eb4ad7d779bf80c0f3c3ee94d2ba4ff34cedfd04c28,2f0e7805a8086b3aa1700469a23382a116baea9c1571e690f6492e95b91db315,0000000001803fe03ff01e701c381c381e380ef80ff00ff007e0038000000000
digits_val_00010_000070,digits,val,E:\laser and photonics\MCF-QPI_项目\MCF_QPI_RVQTwin\data\smoke\raw\digits\val\speckles\speckle_00010.png,E:\laser and photonics\MCF-QPI_项目\MCF_QPI_RVQTwin\data\smoke\raw\digits\val\phases\phase_00010.png,normalized_key,,f5fe81dcce6367646723acb7f2e24023185690197093a59773cac01efbf7cb6e,64e4db997381a7788e8a6190ab4e8434618bfffb248614cb58c9f9ab39273972,f5fe81dcce6367646723acb7f2e24023185690197093a59773cac01efbf7cb6e,000000000fe00fe00ff00ff00ff80ff80ff80fb80ff007f003e0000000000000
digits_val_00011_000071,digits,val,E:\laser and photonics\MCF-QPI_项目\MCF_QPI_RVQTwin\data\smoke\raw\digits\val\speckles\speckle_00011.png,E:\laser and photonics\MCF-QPI_项目\MCF_QPI_RVQTwin\data\smoke\raw\digits\val\phases\phase_00011.png,normalized_key,,3e6903a3e7c5c22321643f7de95e1b2a0faf365c3450f8f020fdc6671f4ede98,d35db4712dfd32a93af04b881c1569b2887a5cda59b93e35fe020609c9d6c3ee,3e6903a3e7c5c22321643f7de95e1b2a0faf365c3450f8f020fdc6671f4ede98,00000000018007e00ff00e700c381c381fb81ff81ff00ff00fe0018000000000
fashion_test_00000_000072,fashion,test,E:\laser and photonics\MCF-QPI_项目\MCF_QPI_RVQTwin\data\smoke\raw\fashion\test\speckles\speckle_00000.png,E:\laser and photonics\MCF-QPI_项目\MCF_QPI_RVQTwin\data\smoke\raw\fashion\test\phases\phase_00000.png,normalized_key,,bd6f5579138a3c32134d07eeeb555c3cd5f05333adb2dcf6b92ce8e65e646146,554c9204ed1be2188bee1c7b49381b0c186fd889b99d735143d103e600176406,bd6f5579138a3c32134d07eeeb555c3cd5f05333adb2dcf6b92ce8e65e646146,00000000008003c00ff01ff83ffc3ffc1ff81ff81ff80ff00ff00ff000000000
fashion_test_00001_000073,fashion,test,E:\laser and photonics\MCF-QPI_项目\MCF_QPI_RVQTwin\data\smoke\raw\fashion\test\speckles\speckle_00001.png,E:\laser and photonics\MCF-QPI_项目\MCF_QPI_RVQTwin\data\smoke\raw\fashion\test\phases\phase_00001.png,normalized_key,,06aac07bb08bd18011087c19dea681c5ce3d3bc769c386581d38da61167c97b2,7d76e6a15a5c28718b7ee11b679969bb1d13512b7b86354b54ede84637c9b970,06aac07bb08bd18011087c19dea681c5ce3d3bc769c386581d38da61167c97b2,00000000008003c00ff01ff83ffc3ffc1fe81fe01ff00ff00ff00ff003c00000
fashion_test_00002_000074,fashion,test,E:\laser and photonics\MCF-QPI_项目\MCF_QPI_RVQTwin\data\smoke\raw\fashion\test\speckles\speckle_00002.png,E:\laser and photonics\MCF-QPI_项目\MCF_QPI_RVQTwin\data\smoke\raw\fashion\test\phases\phase_00002.png,normalized_key,,ac6d64d4010f5482fb68aeaf1d0812b9d9a8eb1ce427841e441e428ccec94c7b,4ad66d594a513dd80500c8ee7f5302b889e6b313ec92416d5d8edb3108de1ec2,ac6d64d4010f5482fb68aeaf1d0812b9d9a8eb1ce427841e441e428ccec94c7b,00000000008003c00ff01ff83ffc1ffc1ff81ff81ff80ff00ff00ff000000000
fashion_test_00003_000075,fashion,test,E:\laser and photonics\MCF-QPI_项目\MCF_QPI_RVQTwin\data\smoke\raw\fashion\test\speckles\speckle_00003.png,E:\laser and photonics\MCF-QPI_项目\MCF_QPI_RVQTwin\data\smoke\raw\fashion\test\phases\phase_00003.png,normalized_key,,3bdfc0115f24687bac2b6d9a3d95bff2aefedd09dc36630a16aa589a499e6713,da2d17f515e1f6dabfb420764c112cdc32423a8e2e2229d2b83db655c6f67bfa,3bdfc0115f24687bac2b6d9a3d95bff2aefedd09dc36630a16aa589a499e6713,00000000000003c00ff01ff83ffc1ff81ff81ff81ff80ff00ff00ff000000000
fashion_test_00004_000076,fashion,test,E:\laser and photonics\MCF-QPI_项目\MCF_QPI_RVQTwin\data\smoke\raw\fashion\test\speckles\speckle_00004.png,E:\laser and photonics\MCF-QPI_项目\MCF_QPI_RVQTwin\data\smoke\raw\fashion\test\phases\phase_00004.png,normalized_key,,24d6f68fd1d45625148d5f35824a5775b83f9bd5c2824d5b71f0006c97fc23b2,d59c2c95444d110bd8d0eeeacffb2f8fcad394a3050bcdf09c06f34078545e9c,24d6f68fd1d45625148d5f35824a5775b83f9bd5c2824d5b71f0006c97fc23b2,00000000018003800f801f883ffc3ffc1ff81ff81ff80ff00ff00ff007e00000
fashion_test_00005_000077,fashion,test,E:\laser and photonics\MCF-QPI_项目\MCF_QPI_RVQTwin\data\smoke\raw\fashion\test\speckles\speckle_00005.png,E:\laser and photonics\MCF-QPI_项目\MCF_QPI_RVQTwin\data\smoke\raw\fashion\test\phases\phase_00005.png,normalized_key,,a099513593868801f02902c25de89370c02266a743026d4f9d15491b9797c601,7411949f3d771677abbeb4e944c2bddf6b3c2aa8909c0af0afffb26f2fca9928,a099513593868801f02902c25de89370c02266a743026d4f9d15491b9797c601,00000000008003c00ff01ff83ffc1ff81ff81ff81ff81ff00ff00ff000000000
fashion_test_00006_000078,fashion,test,E:\laser and photonics\MCF-QPI_项目\MCF_QPI_RVQTwin\data\smoke\raw\fashion\test\speckles\speckle_00006.png,E:\laser and photonics\MCF-QPI_项目\MCF_QPI_RVQTwin\data\smoke\raw\fashion\test\phases\phase_00006.png,normalized_key,,58e0cd62ecbdc5cb1295352b7dccb6c0332ceef9a7cbff5c8f1e04274cbf65f7,c06c448cd0aefccd44ddcb435028eb735579ef389bcb1572f135025517d1ed5a,58e0cd62ecbdc5cb1295352b7dccb6c0332ceef9a7cbff5c8f1e04274cbf65f7,0000000007800fc01ff01ff83ffc1ffc1ff81ff81ff80ff00ff00ff000000000
fashion_test_00007_000079,fashion,test,E:\laser and photonics\MCF-QPI_项目\MCF_QPI_RVQTwin\data\smoke\raw\fashion\test\speckles\speckle_00007.png,E:\laser and photonics\MCF-QPI_项目\MCF_QPI_RVQTwin\data\smoke\raw\fashion\test\phases\phase_00007.png,normalized_key,,5a956cc3fc426554bd16f41b5ab0ae24da1cb1fc6abbd52a2362f410c63a703f,83873374b35645b29046e938dea6eb6765786a6cd6e8a99177b78e347d8c0f85,5a956cc3fc426554bd16f41b5ab0ae24da1cb1fc6abbd52a2362f410c63a703f,00000000018003c00ff01ff83ffc3ffc1ff81ff81ff80cf00cf00ff000c00000
fashion_test_00008_000080,fashion,test,E:\laser and photonics\MCF-QPI_项目\MCF_QPI_RVQTwin\data\smoke\raw\fashion\test\speckles\speckle_00008.png,E:\laser and photonics\MCF-QPI_项目\MCF_QPI_RVQTwin\data\smoke\raw\fashion\test\phases\phase_00008.png,normalized_key,,279301e7d4e7740997b3221ad9cd6092efb647e0e7df2eacccf0e7c40d380c3b,bf89ebf0cc3f6a3299c1e6b1f665c119489240f342b83a58e314ced4c90102ae,279301e7d4e7740997b3221ad9cd6092efb647e0e7df2eacccf0e7c40d380c3b,00000000000003c007f01ff83bfc3ff83ff81ff81ff80ff00ff00ff000000000
fashion_test_00009_000081,fashion,test,E:\laser and photonics\MCF-QPI_项目\MCF_QPI_RVQTwin\data\smoke\raw\fashion\test\speckles\speckle_00009.png,E:\laser and photonics\MCF-QPI_项目\MCF_QPI_RVQTwin\data\smoke\raw\fashion\test\phases\phase_00009.png,normalized_key,,64a4ea40751824fe02591ab1dea7bbf8253823e7578d12f5f591bc838ffbc57b,abea23b66856940d4742623d7922d1c438ebfe5ff393b4f98e4f00e21740193d,64a4ea40751824fe02591ab1dea7bbf8253823e7578d12f5f591bc838ffbc57b,00000000018003c00ff01ff83f9c3ffc1ff81ff81ff80ff00ff00ff003c00000
fashion_test_00010_000082,fashion,test,E:\laser and photonics\MCF-QPI_项目\MCF_QPI_RVQTwin\data\smoke\raw\fashion\test\speckles\speckle_00010.png,E:\laser and photonics\MCF-QPI_项目\MCF_QPI_RVQTwin\data\smoke\raw\fashion\test\phases\phase_00010.png,normalized_key,,a8a2bdc1d50ad5e80f11efcd681b04a5e0d4d04dc0837dfd1da04f49eacccb0f,847846ad75ecd1d41bdf7c98b5ad53a18677485b200367ab6668cb89817e371a,a8a2bdc1d50ad5e80f11efcd681b04a5e0d4d04dc0837dfd1da04f49eacccb0f,00000000008003c00ff01ffc3ffc3ffc1ffc1ff81ff80ff00ff00ff000000000
fashion_test_00011_000083,fashion,test,E:\laser and photonics\MCF-QPI_项目\MCF_QPI_RVQTwin\data\smoke\raw\fashion\test\speckles\speckle_00011.png,E:\laser and photonics\MCF-QPI_项目\MCF_QPI_RVQTwin\data\smoke\raw\fashion\test\phases\phase_00011.png,normalized_key,,836a412e6a28f9983910afdc5c28192da72c491c5be6d52bc7a054c45b6ed560,a4cb2b9508fe846d11a3acf0f0aa9a4ebb8c8f0624ff3d3ea5615abb567557c1,836a412e6a28f9983910afdc5c28192da72c491c5be6d52bc7a054c45b6ed560,00000000008003c00ff01ff83ffc1ff81ff81ff81ff80ff00ff00ff000000000
fashion_train_00000_000084,fashion,train,E:\laser and photonics\MCF-QPI_项目\MCF_QPI_RVQTwin\data\smoke\raw\fashion\train\speckles\speckle_00000.png,E:\laser and photonics\MCF-QPI_项目\MCF_QPI_RVQTwin\data\smoke\raw\fashion\train\phases\phase_00000.png,normalized_key,,47d5a57c915cd0e6e62c1fb9ef6342fd584901bc2c314c9cd14b98408fd83330,dc73d9e175f3be1eb88fe66fe9946b3efeaa36216f01c5f2f436f912f4dc2ab7,47d5a57c915cd0e6e62c1fb9ef6342fd584901bc2c314c9cd14b98408fd83330,00000000000003c00ff01ff83ffc1ff81ff81ff81ff80ff00ff00ff000000000
fashion_train_00001_000085,fashion,train,E:\laser and photonics\MCF-QPI_项目\MCF_QPI_RVQTwin\data\smoke\raw\fashion\train\speckles\speckle_00001.png,E:\laser and photonics\MCF-QPI_项目\MCF_QPI_RVQTwin\data\smoke\raw\fashion\train\phases\phase_00001.png,normalized_key,,a3251e6025c457d6486700072d4fde6f1a87321423053f9ba8e5d771af5f8abf,60898a44361cf80a1cabdf57089015c2b57b3edb88c2da736fa9783eedd2adcd,a3251e6025c457d6486700072d4fde6f1a87321423053f9ba8e5d771af5f8abf,00000000008007c00ff01ff83ffc1ff81ff81ff81ff80ff00ff00ff000000000
fashion_train_00002_000086,fashion,train,E:\laser and photonics\MCF-QPI_项目\MCF_QPI_RVQTwin\data\smoke\raw\fashion\train\speckles\speckle_00002.png,E:\laser and photonics\MCF-QPI_项目\MCF_QPI_RVQTwin\data\smoke\raw\fashion\train\phases\phase_00002.png,normalized_key,,a30c538138d8656dcebde1e58491943929bcb1873f999b565fbe1ded1e8eb933,259dff06af6b714739059200b1f0d7c3ca0b9d657252619cd0d1a91d273f86c0,a30c538138d8656dcebde1e58491943929bcb1873f999b565fbe1ded1e8eb933,00000000018003c00ff01ff83ffc1ffc1ff81ff81ff80ff00ff00ff003c00000
fashion_train_00003_000087,fashion,train,E:\laser and photonics\MCF-QPI_项目\MCF_QPI_RVQTwin\data\smoke\raw\fashion\train\speckles\speckle_00003.png,E:\laser and photonics\MCF-QPI_项目\MCF_QPI_RVQTwin\data\smoke\raw\fashion\train\phases\phase_00003.png,normalized_key,,c1910905ed5fad021d01206f13299e61a1fd9a838d0ac057854ac53c5617bccf,6ebdad3db0851f8a39f7ce1ce395523f72d12f851c1aa64a5b6daafaadb04312,c1910905ed5fad021d01206f13299e61a1fd9a838d0ac057854ac53c5617bccf,00000000008003c00ff01ff83ffc3ffc1ff81ff81ff80ff00ff00ff000000000
fashion_train_00004_000088,fashion,train,E:\laser and photonics\MCF-QPI_项目\MCF_QPI_RVQTwin\data\smoke\raw\fashion\train\speckles\speckle_00004.png,E:\laser and photonics\MCF-QPI_项目\MCF_QPI_RVQTwin\data\smoke\raw\fashion\train\phases\phase_00004.png,normalized_key,,f2ae77f4e71686cdf8f8f7e8a22a68e07e01f4119ea4dfa734b812c814e9b68c,22c810d0fbcb69f9ebaeaadcc5aa02ffbb70fbd18c39ead320611e7115d3b0ba,f2ae77f4e71686cdf8f8f7e8a22a68e07e01f4119ea4dfa734b812c814e9b68c,00000000018003c00ff01ff83ffc3ffc1ff81ff81ff80ff00ff00ff003c00000
fashion_train_00005_000089,fashion,train,E:\laser and photonics\MCF-QPI_项目\MCF_QPI_RVQTwin\data\smoke\raw\fashion\train\speckles\speckle_00005.png,E:\laser and photonics\MCF-QPI_项目\MCF_QPI_RVQTwin\data\smoke\raw\fashion\train\phases\phase_00005.png,normalized_key,,785b5c9d441c4849e592e220d870046b22a6271aeb1063d7a24142cce3676cdd,3ff58526eaa32efe0a1c86888eeac52e2beb1966f76ec623222668d7171542a2,785b5c9d441c4849e592e220d870046b22a6271aeb1063d7a24142cce3676cdd,00000000018003c00ff01ff83ffc3ffc1fc81fc01ff00ff00ff00ff003c00000
fashion_train_00006_000090,fashion,train,E:\laser and photonics\MCF-QPI_项目\MCF_QPI_RVQTwin\data\smoke\raw\fashion\train\speckles\speckle_00006.png,E:\laser and photonics\MCF-QPI_项目\MCF_QPI_RVQTwin\data\smoke\raw\fashion\train\phases\phase_00006.png,normalized_key,,c52f969c455d034d20cb5ca0aadcc3555dfad49dea8146a58b4887634c389f83,7f87c481632d64607fe3bc400049d060a7bc4744ef0d792be2034585934ecce6,c52f969c455d034d20cb5ca0aadcc3555dfad49dea8146a58b4887634c389f83,00000000018003c00ff01ff83ffc3ffc1ff81ff81ff80ff00ff00ff000000000
fashion_train_00007_000091,fashion,train,E:\laser and photonics\MCF-QPI_项目\MCF_QPI_RVQTwin\data\smoke\raw\fashion\train\speckles\speckle_00007.png,E:\laser and photonics\MCF-QPI_项目\MCF_QPI_RVQTwin\data\smoke\raw\fashion\train\phases\phase_00007.png,normalized_key,,e9ea17a82873b30a0e3458b6c5c353b4173aa5b883efd1677d46d021541ac85c,5f6746fee9799680e38f043a4737e2903db2f2c199b1f27e954094ac9261136b,e9ea17a82873b30a0e3458b6c5c353b4173aa5b883efd1677d46d021541ac85c,00000000018003c00ff01ff83ffc3ffc1ff81ff81ff80ff00ff00ff003c00000
fashion_train_00008_000092,fashion,train,E:\laser and photonics\MCF-QPI_项目\MCF_QPI_RVQTwin\data\smoke\raw\fashion\train\speckles\speckle_00008.png,E:\laser and photonics\MCF-QPI_项目\MCF_QPI_RVQTwin\data\smoke\raw\fashion\train\phases\phase_00008.png,normalized_key,,b9f1123f030a33a01cfa49fcb2ed9567a803e02060fe6da3a18183a00389d82b,193aa622ad8e68e799ef99dfe8187b41d2e1d78f226eeedfcd5483220540e41b,b9f1123f030a33a01cfa49fcb2ed9567a803e02060fe6da3a18183a00389d82b,00000000018003c00ff01ff83ffc3ffc1ff807f803f803f007f00ff003c00000
fashion_train_00009_000093,fashion,train,E:\laser and photonics\MCF-QPI_项目\MCF_QPI_RVQTwin\data\smoke\raw\fashion\train\speckles\speckle_00009.png,E:\laser and photonics\MCF-QPI_项目\MCF_QPI_RVQTwin\data\smoke\raw\fashion\train\phases\phase_00009.png,normalized_key,,c1efc2a804a3ce614d13dd7b357f1b80b3f9b1e043234d6bd323150578cd8243,817fc79741134a0098b8162d700e877eeb791cc749b75de729500964f688a030,c1efc2a804a3ce614d13dd7b357f1b80b3f9b1e043234d6bd323150578cd8243,0000000001800fc01ff01ff83ffc1ff81ff81ff81ff80ff00ff00ff000000000
fashion_train_00010_000094,fashion,train,E:\laser and photonics\MCF-QPI_项目\MCF_QPI_RVQTwin\data\smoke\raw\fashion\train\speckles\speckle_00010.png,E:\laser and photonics\MCF-QPI_项目\MCF_QPI_RVQTwin\data\smoke\raw\fashion\train\phases\phase_00010.png,normalized_key,,2ea4f898f06087119fd99abfd1643e8dd3c9a8e2d36a7631c366b8dd5ddad565,42934478eea056e5f98ca58635d9309c6c966ad38224cd67bf167ed5aef70cc2,2ea4f898f06087119fd99abfd1643e8dd3c9a8e2d36a7631c366b8dd5ddad565,00000000018003c00ff01ff83ffc1f7c1f781ff81ff80ff00ff00ff000000000
fashion_train_00011_000095,fashion,train,E:\laser and photonics\MCF-QPI_项目\MCF_QPI_RVQTwin\data\smoke\raw\fashion\train\speckles\speckle_00011.png,E:\laser and photonics\MCF-QPI_项目\MCF_QPI_RVQTwin\data\smoke\raw\fashion\train\phases\phase_00011.png,normalized_key,,0a76248e5eb2df5f536afc2aee24b47d5fb39611662c61470628b00c949e040a,4ea65e4f91a142bd45330439212e9b210248d2d77dd33fb3bc1d26dbf7380beb,0a76248e5eb2df5f536afc2aee24b47d5fb39611662c61470628b00c949e040a,00000000008003c00ff01ff83ffc3ffc1ff81ff81ff80ff00ff00ff000000000
fashion_train_00012_000096,fashion,train,E:\laser and photonics\MCF-QPI_项目\MCF_QPI_RVQTwin\data\smoke\raw\fashion\train\speckles\speckle_00012.png,E:\laser and photonics\MCF-QPI_项目\MCF_QPI_RVQTwin\data\smoke\raw\fashion\train\phases\phase_00012.png,normalized_key,,344ea92664dcbea462f5fa32bb1b6a6852815d3a04c698ca8dc4c8c6c0f718b9,69aeaf22da543cc131953c6bb9be79a72e017e647638005038911cd232eaea61,344ea92664dcbea462f5fa32bb1b6a6852815d3a04c698ca8dc4c8c6c0f718b9,0000000001800fc00ff01ff83ffc3f7c1ff81ff81ff80ff00ff00ff000000000
fashion_train_00013_000097,fashion,train,E:\laser and photonics\MCF-QPI_项目\MCF_QPI_RVQTwin\data\smoke\raw\fashion\train\speckles\speckle_00013.png,E:\laser and photonics\MCF-QPI_项目\MCF_QPI_RVQTwin\data\smoke\raw\fashion\train\phases\phase_00013.png,normalized_key,,e7cf7a56cc0528080742d1e6b4570e4b104044b288ac2d5e573084fa45ad24d1,31805c8acf78145a083c5ceef30fc58a0ca5eff6312337a9389aa9c53decbb1b,e7cf7a56cc0528080742d1e6b4570e4b104044b288ac2d5e573084fa45ad24d1,00000000018003c00ff01cf83cfc3ffc1ff81ff81ff80ff00ff00ff003c00000
fashion_train_00014_000098,fashion,train,E:\laser and photonics\MCF-QPI_项目\MCF_QPI_RVQTwin\data\smoke\raw\fashion\train\speckles\speckle_00014.png,E:\laser and photonics\MCF-QPI_项目\MCF_QPI_RVQTwin\data\smoke\raw\fashion\train\phases\phase_00014.png,normalized_key,,3ace2e438e4ce9e461465ca0bb3f9901cf67f0cd784a16b4b2ca4fd124e27610,52bfe1afc95908d03d7eb751f47f0f987e9a1a9219c6d107b597ed6a79a9b9d2,3ace2e438e4ce9e461465ca0bb3f9901cf67f0cd784a16b4b2ca4fd124e27610,00000000008003c00ff01ff83ffc3ffc1fe81ff81ff80ff80ff00ff000000000
fashion_train_00015_000099,fashion,train,E:\laser and photonics\MCF-QPI_项目\MCF_QPI_RVQTwin\data\smoke\raw\fashion\train\speckles\speckle_00015.png,E:\laser and photonics\MCF-QPI_项目\MCF_QPI_RVQTwin\data\smoke\raw\fashion\train\phases\phase_00015.png,normalized_key,,787480f6d36f98a1b616ffae4783a34e0224d1ea42d7204d3da2ea760f29b702,f9e41094b528aae73829cfac83be74584f06aac24a4862848612063d3319bd2b,787480f6d36f98a1b616ffae4783a34e0224d1ea42d7204d3da2ea760f29b702,00000000018003c00ff01ff83ffc3ffc1ff81ff81ff80ff00ff00ff003c00000
fashion_train_00016_000100,fashion,train,E:\laser and photonics\MCF-QPI_项目\MCF_QPI_RVQTwin\data\smoke\raw\fashion\train\speckles\speckle_00016.png,E:\laser and photonics\MCF-QPI_项目\MCF_QPI_RVQTwin\data\smoke\raw\fashion\train\phases\phase_00016.png,normalized_key,,5cdb22a541689d905cd9ce87bf1e2b5532ea104d6abfd2756bab501b9546b5e2,01b0bb1516d25ddb40a29931c054fca93f31f8c87d52cc0afe28d41b22a91811,5cdb22a541689d905cd9ce87bf1e2b5532ea104d6abfd2756bab501b9546b5e2,00000000018003c00ff01ff83ffc3ffc1ff81ff81ff80ff00ff00ff000000000
fashion_train_00017_000101,fashion,train,E:\laser and photonics\MCF-QPI_项目\MCF_QPI_RVQTwin\data\smoke\raw\fashion\train\speckles\speckle_00017.png,E:\laser and photonics\MCF-QPI_项目\MCF_QPI_RVQTwin\data\smoke\raw\fashion\train\phases\phase_00017.png,normalized_key,,1e857b86065fcf784fc82497a96d8a81022af4959a2a5f443996b0051e35505f,c01575900997e6bb23546a524852219bf4239c213104b1b302b70d23b843fb44,1e857b86065fcf784fc82497a96d8a81022af4959a2a5f443996b0051e35505f,00000000018003c00ff01ff83ffc3ffc1ff81ff81ff80ff00ff00ff000000000
fashion_train_00018_000102,fashion,train,E:\laser and photonics\MCF-QPI_项目\MCF_QPI_RVQTwin\data\smoke\raw\fashion\train\speckles\speckle_00018.png,E:\laser and photonics\MCF-QPI_项目\MCF_QPI_RVQTwin\data\smoke\raw\fashion\train\phases\phase_00018.png,normalized_key,,6467766ea2ff5620e0b0a974f442f89c496875c90e39d959103f0500029ae8ce,e470b20241a9415ff86b5f15b2887a7d5fad15043a157ec38e75a97651f99b0a,6467766ea2ff5620e0b0a974f442f89c496875c90e39d959103f0500029ae8ce,00000000008003c00ff01ff83ffc1ffc1ff81ff81ff80ff00ff00ff000000000
fashion_train_00019_000103,fashion,train,E:\laser and photonics\MCF-QPI_项目\MCF_QPI_RVQTwin\data\smoke\raw\fashion\train\speckles\speckle_00019.png,E:\laser and photonics\MCF-QPI_项目\MCF_QPI_RVQTwin\data\smoke\raw\fashion\train\phases\phase_00019.png,normalized_key,,2ff1043d08a8a0a39b94704f07d2ffe4ef53e3aa7b5097200fd7a7bc3d615b2e,3e1f2ee8fe8c269e36fd8727c6d514997368b64f2407e42157221fbb31d27df3,2ff1043d08a8a0a39b94704f07d2ffe4ef53e3aa7b5097200fd7a7bc3d615b2e,00000000000003c00ff01ff83ffc1ff81ff81ff81ff80ff00ff00ff000000000
fashion_train_00020_000104,fashion,train,E:\laser and photonics\MCF-QPI_项目\MCF_QPI_RVQTwin\data\smoke\raw\fashion\train\speckles\speckle_00020.png,E:\laser and photonics\MCF-QPI_项目\MCF_QPI_RVQTwin\data\smoke\raw\fashion\train\phases\phase_00020.png,normalized_key,,a4102abbd24be21a6e4298b727b7c5b2b99ea178ae7314a4bafdcb38ff50cd62,6dea02392a4dfa37580c54bf5cb158afcb5c036becd14868209edfc6831a8382,a4102abbd24be21a6e4298b727b7c5b2b99ea178ae7314a4bafdcb38ff50cd62,00000000018003c00fe01ff83ffc3ffc1ff81ff81ff80ff00ff00ff000000000
fashion_train_00021_000105,fashion,train,E:\laser and photonics\MCF-QPI_项目\MCF_QPI_RVQTwin\data\smoke\raw\fashion\train\speckles\speckle_00021.png,E:\laser and photonics\MCF-QPI_项目\MCF_QPI_RVQTwin\data\smoke\raw\fashion\train\phases\phase_00021.png,normalized_key,,be407ec77182a55939a246e84025955f782bde73a586aebbdad302194f494105,31b72cf518fa3d8bd3686664da279144c327e7ffb542eab6a6e224e848158d36,be407ec77182a55939a246e84025955f782bde73a586aebbdad302194f494105,00000000018003c00ff01ff83ffc3ffc1ff81ff81ff80ff00ff00ff003c00000
fashion_train_00022_000106,fashion,train,E:\laser and photonics\MCF-QPI_项目\MCF_QPI_RVQTwin\data\smoke\raw\fashion\train\speckles\speckle_00022.png,E:\laser and photonics\MCF-QPI_项目\MCF_QPI_RVQTwin\data\smoke\raw\fashion\train\phases\phase_00022.png,normalized_key,,59f1e400ba39a171f44159d7e27c9fdc66ed305225b64d44a0b677f1988a87d7,9e0de8ee4709f47a42809bbd6ca3bb05bd705d096f3cac77f9e0090d0e66454a,59f1e400ba39a171f44159d7e27c9fdc66ed305225b64d44a0b677f1988a87d7,00000000018003c00ff01ff83ffc3ffc1ff81ff81ff00ff00ff00ff002400000
fashion_train_00023_000107,fashion,train,E:\laser and photonics\MCF-QPI_项目\MCF_QPI_RVQTwin\data\smoke\raw\fashion\train\speckles\speckle_00023.png,E:\laser and photonics\MCF-QPI_项目\MCF_QPI_RVQTwin\data\smoke\raw\fashion\train\phases\phase_00023.png,normalized_key,,1246bf4db62bc61f409095d363cb48e5fc015ae7799b16612818045bfbb41a5e,1690cd87a76908ce0d5dd865a685091a3fa616cdd1df4a28de88367e07858bd9,1246bf4db62bc61f409095d363cb48e5fc015ae7799b16612818045bfbb41a5e,00000000008003e00ff01ff83ffc3ffc1ff81ff81ff80ff00ff00ff000000000
fashion_train_00024_000108,fashion,train,E:\laser and photonics\MCF-QPI_项目\MCF_QPI_RVQTwin\data\smoke\raw\fashion\train\speckles\speckle_00024.png,E:\laser and photonics\MCF-QPI_项目\MCF_QPI_RVQTwin\data\smoke\raw\fashion\train\phases\phase_00024.png,normalized_key,,dda0538a8f4cfb5c4279e5521b363c76d768ce58a57936a1cd19c733ed166a16,ba20ea93c443c2b3a6f4be57e737650171a3cced7a44cc8cd425e7a9aa2b9b85,dda0538a8f4cfb5c4279e5521b363c76d768ce58a57936a1cd19c733ed166a16,00000000018003c00ff01ff83ffc3ffc1ff81e781ef80ff00ff00ff003c00000
fashion_train_00025_000109,fashion,train,E:\laser and photonics\MCF-QPI_项目\MCF_QPI_RVQTwin\data\smoke\raw\fashion\train\speckles\speckle_00025.png,E:\laser and photonics\MCF-QPI_项目\MCF_QPI_RVQTwin\data\smoke\raw\fashion\train\phases\phase_00025.png,normalized_key,,7048821a818713054b2194af4553011d216752a415c68b4b3bd472218cc259a0,1209ec06ed9a02b57bf2c42104d94651f72081d13e5e004da84a00ffa9831d88,7048821a818713054b2194af4553011d216752a415c68b4b3bd472218cc259a0,000000001c003fc03ff01ff83ffc1ff81ff81ff81ff00ff00ff00fe000000000
fashion_train_00026_000110,fashion,train,E:\laser and photonics\MCF-QPI_项目\MCF_QPI_RVQTwin\data\smoke\raw\fashion\train\speckles\speckle_00026.png,E:\laser and photonics\MCF-QPI_项目\MCF_QPI_RVQTwin\data\smoke\raw\fashion\train\phases\phase_00026.png,normalized_key,,fe831ee950127b4fdc2a74f0e3e8e97044887812b8224eb0e3a05aeb59e0c01f,c298aedcf2d69400be6f9143fb535ef18cee20abce1544b37a9cc78384e2932d,fe831ee950127b4fdc2a74f0e3e8e97044887812b8224eb0e3a05aeb59e0c01f,00000000008003c00ff01ff83ffc1ffc1ff81ff81ff80ff00ff00ff000000000
fashion_train_00027_000111,fashion,train,E:\laser and photonics\MCF-QPI_项目\MCF_QPI_RVQTwin\data\smoke\raw\fashion\train\speckles\speckle_00027.png,E:\laser and photonics\MCF-QPI_项目\MCF_QPI_RVQTwin\data\smoke\raw\fashion\train\phases\phase_00027.png,normalized_key,,12f51ef44ab7564725ebccde52e0a45d3d7e0adbda0801cd76f34c712e7fe485,9cfd3e19bf73540470c36eabd0d3aa02b245a7d84df4dcfea48a1ba56ff42e2b,12f51ef44ab7564725ebccde52e0a45d3d7e0adbda0801cd76f34c712e7fe485,00000000008003c00ff01ff83ffc3ffc1ff81ff81ff80ff00ff00ff000000000
fashion_train_00028_000112,fashion,train,E:\laser and photonics\MCF-QPI_项目\MCF_QPI_RVQTwin\data\smoke\raw\fashion\train\speckles\speckle_00028.png,E:\laser and photonics\MCF-QPI_项目\MCF_QPI_RVQTwin\data\smoke\raw\fashion\train\phases\phase_00028.png,normalized_key,,a14d728215d220260fda83b8139fcc93d1396e7cdb868141149376e297d2dd5b,ffec32c63ff05b9696c897169eaa19857c9bc58109b346668cdd1968a36a3a2b,a14d728215d220260fda83b8139fcc93d1396e7cdb868141149376e297d2dd5b,00000000008003c00ff01ff83ffc3ffc1ff81ff81ff80ff00ff00ff000000000
fashion_train_00029_000113,fashion,train,E:\laser and photonics\MCF-QPI_项目\MCF_QPI_RVQTwin\data\smoke\raw\fashion\train\speckles\speckle_00029.png,E:\laser and photonics\MCF-QPI_项目\MCF_QPI_RVQTwin\data\smoke\raw\fashion\train\phases\phase_00029.png,normalized_key,,bb2afe26cea166d55199015438e5c2c4d710a37563b19db5cfb3195c8ab35804,c3ae71b409a9a5182d06443d14959367ed2a43efb69d27b32b7cd7f194ea12d5,bb2afe26cea166d55199015438e5c2c4d710a37563b19db5cfb3195c8ab35804,00000000018003c00ff01ff83ffc3ffc1ff81ff81ef80ff00ff00ff003c00000
fashion_train_00030_000114,fashion,train,E:\laser and photonics\MCF-QPI_项目\MCF_QPI_RVQTwin\data\smoke\raw\fashion\train\speckles\speckle_00030.png,E:\laser and photonics\MCF-QPI_项目\MCF_QPI_RVQTwin\data\smoke\raw\fashion\train\phases\phase_00030.png,normalized_key,,c16f4e2ebbc6f7b269555eb09d454cd370ab82606f99da08f5d63362e3ac9ebd,8d5c9dc6533a743051025245c0512c7eacbd43e824c5c1d75c8529a5afee5bef,c16f4e2ebbc6f7b269555eb09d454cd370ab82606f99da08f5d63362e3ac9ebd,00000000018003c007f01ff83ffc3ff83ff83ff83ff81ff00ff00ff000000000
fashion_train_00031_000115,fashion,train,E:\laser and photonics\MCF-QPI_项目\MCF_QPI_RVQTwin\data\smoke\raw\fashion\train\speckles\speckle_00031.png,E:\laser and photonics\MCF-QPI_项目\MCF_QPI_RVQTwin\data\smoke\raw\fashion\train\phases\phase_00031.png,normalized_key,,67b28b519c289cd03c1cde10f4789817e952e777d239c2bdfc14809c9892729f,110c334bec1d5fff2c0fe0fe754f986527120602860bfda82c4d65296e0c3040,67b28b519c289cd03c1cde10f4789817e952e777d239c2bdfc14809c9892729f,00000000018003c00ff01ff83ffc3ffc1ff81ff81ff80f700ff00ff003c00000
fashion_train_00032_000116,fashion,train,E:\laser and photonics\MCF-QPI_项目\MCF_QPI_RVQTwin\data\smoke\raw\fashion\train\speckles\speckle_00032.png,E:\laser and photonics\MCF-QPI_项目\MCF_QPI_RVQTwin\data\smoke\raw\fashion\train\phases\phase_00032.png,normalized_key,,4aa7bd17b1336c1e0f9aa2003df1f93c2a8cd355e129b235e64fd672e66702ac,fb8651acf5858389ccaaeecd5e84d0c8f813e9f125fde091f3ef8f9fd139c011,4aa7bd17b1336c1e0f9aa2003df1f93c2a8cd355e129b235e64fd672e66702ac,00000000008003c00ff01ff83ffc1ff81ff81ff81ff80ff00ff00ff000000000
fashion_train_00033_000117,fashion,train,E:\laser and photonics\MCF-QPI_项目\MCF_QPI_RVQTwin\data\smoke\raw\fashion\train\speckles\speckle_00033.png,E:\laser and photonics\MCF-QPI_项目\MCF_QPI_RVQTwin\data\smoke\raw\fashion\train\phases\phase_00033.png,normalized_key,,b4f93bb3b3e607ffc6e1811a810f9f23e26829534ea52a2956bec4ade95de7b0,f93f39b314f10518bb51f5ce1e720330bfe2b72a21620362977341117407ad2a,b4f93bb3b3e607ffc6e1811a810f9f23e26829534ea52a2956bec4ade95de7b0,00000000018003c00ff01ff83ffc3ffc1ff81f781f780ff00ff00ff003c00000
fashion_train_00034_000118,fashion,train,E:\laser and photonics\MCF-QPI_项目\MCF_QPI_RVQTwin\data\smoke\raw\fashion\train\speckles\speckle_00034.png,E:\laser and photonics\MCF-QPI_项目\MCF_QPI_RVQTwin\data\smoke\raw\fashion\train\phases\phase_00034.png,normalized_key,,2bd4a1636a7845eecfa0722d78be9e740b8346326559c95fdc658e54dc6e62e3,f0caf3ff9b80a2f14a1c82922ff743740d4b1a7609110435444f5f1670ecdd32,2bd4a1636a7845eecfa0722d78be9e740b8346326559c95fdc658e54dc6e62e3,00000000018003c00ff01ff83ffc3ffc1ff81ff81ff80ff00ff00ff003c00000
fashion_train_00035_000119,fashion,train,E:\laser and photonics\MCF-QPI_项目\MCF_QPI_RVQTwin\data\smoke\raw\fashion\train\speckles\speckle_00035.png,E:\laser and photonics\MCF-QPI_项目\MCF_QPI_RVQTwin\data\smoke\raw\fashion\train\phases\phase_00035.png,normalized_key,,3023352a18cfb1230c73edffa275aa7daf6e7a23f52df45f127d744a91a0a083,37f81a9fc66da9a538d14fce766b9db2dd701ed6b1d1b98f3065519fb4ea8ccd,3023352a18cfb1230c73edffa275aa7daf6e7a23f52df45f127d744a91a0a083,00000000008003c00ff01ff83ffc3ffc1ff81ff81ff80ff00ff00ff000000000
fashion_train_00036_000120,fashion,train,E:\laser and photonics\MCF-QPI_项目\MCF_QPI_RVQTwin\data\smoke\raw\fashion\train\speckles\speckle_00036.png,E:\laser and photonics\MCF-QPI_项目\MCF_QPI_RVQTwin\data\smoke\raw\fashion\train\phases\phase_00036.png,normalized_key,,5026ebd9723488aeaba7d87d6bb7ba8778d88f4e3f85fc83b494a7b76a5a9994,8b744ab96dfdf17ee3d4dc46f341633f55784e7b71efbb2880ac8c7ba1fc6841,5026ebd9723488aeaba7d87d6bb7ba8778d88f4e3f85fc83b494a7b76a5a9994,00000000008003c00ff01ff83ffc3ff81ff81ff81ff80ff00ff00ff000000000
fashion_train_00037_000121,fashion,train,E:\laser and photonics\MCF-QPI_项目\MCF_QPI_RVQTwin\data\smoke\raw\fashion\train\speckles\speckle_00037.png,E:\laser and photonics\MCF-QPI_项目\MCF_QPI_RVQTwin\data\smoke\raw\fashion\train\phases\phase_00037.png,normalized_key,,d9352cb6e8562740b39cfc7c0e8ef77fb57f2bf823162e2b4de210a8e354e5bf,deed7f7a07e552ffdd5d468e21c7ae2ecfa65b54b2fb3ea46b141b413f2f3f5e,d9352cb6e8562740b39cfc7c0e8ef77fb57f2bf823162e2b4de210a8e354e5bf,00000000008003c00ff01ff83ffc3ff81ff81ff81ff80ff00ff00ff000000000
fashion_train_00038_000122,fashion,train,E:\laser and photonics\MCF-QPI_项目\MCF_QPI_RVQTwin\data\smoke\raw\fashion\train\speckles\speckle_00038.png,E:\laser and photonics\MCF-QPI_项目\MCF_QPI_RVQTwin\data\smoke\raw\fashion\train\phases\phase_00038.png,normalized_key,,079e50614e2a9b49617c208f87e971add39fa160d47d2f2a0fbce106c9232130,95511cc5133dbb8a4ec1c77caf52cb0361714c44d5cb3269a1c9282eb50a4c87,079e50614e2a9b49617c208f87e971add39fa160d47d2f2a0fbce106c9232130,00000000018003c007f01ff83ffc3ffc1ff81ff807f807f00ff00ff001800000
fashion_train_00039_000123,fashion,train,E:\laser and photonics\MCF-QPI_项目\MCF_QPI_RVQTwin\data\smoke\raw\fashion\train\speckles\speckle_00039.png,E:\laser and photonics\MCF-QPI_项目\MCF_QPI_RVQTwin\data\smoke\raw\fashion\train\phases\phase_00039.png,normalized_key,,090cd67384bac68928fb1ccb5b00050353d542917ea260c986128d709d59daaa,1cf9b5a2ec91900d144dc6669d1e01f7673626ce8a5fd1e1d82cb9e0ba57fa1d,090cd67384bac68928fb1ccb5b00050353d542917ea260c986128d709d59daaa,00000000018007c00ff01ff83ffc3ffc1ff81ff81ff81ff00ff00ff000000000
fashion_train_00040_000124,fashion,train,E:\laser and photonics\MCF-QPI_项目\MCF_QPI_RVQTwin\data\smoke\raw\fashion\train\speckles\speckle_00040.png,E:\laser and photonics\MCF-QPI_项目\MCF_QPI_RVQTwin\data\smoke\raw\fashion\train\phases\phase_00040.png,normalized_key,,ddb0dfdf4f54d52ff1570d24fee4f322d5a51d346319d401d43750d733fa3316,8bea7486175ae7ebec7120efabe805796f33d27f325afc15546386b51245b5b7,ddb0dfdf4f54d52ff1570d24fee4f322d5a51d346319d401d43750d733fa3316,00000000018003c00fc01fc83ffc3ffc1ff81ff81ff80ff00ff00ff003c00000
fashion_train_00041_000125,fashion,train,E:\laser and photonics\MCF-QPI_项目\MCF_QPI_RVQTwin\data\smoke\raw\fashion\train\speckles\speckle_00041.png,E:\laser and photonics\MCF-QPI_项目\MCF_QPI_RVQTwin\data\smoke\raw\fashion\train\phases\phase_00041.png,normalized_key,,e4d162453dcaf1405d3c33874fc520599fefa97a53427cbe2c96b62c60eaf704,9d198a86ce6a5b011fa308d78701f02aa8055f426c665e7cb6c5b8502bee905d,e4d162453dcaf1405d3c33874fc520599fefa97a53427cbe2c96b62c60eaf704,00000000008003c00ff01ff83ffc3ffc1ff81ff81ff80ff00ff00ff000000000
fashion_train_00042_000126,fashion,train,E:\laser and photonics\MCF-QPI_项目\MCF_QPI_RVQTwin\data\smoke\raw\fashion\train\speckles\speckle_00042.png,E:\laser and photonics\MCF-QPI_项目\MCF_QPI_RVQTwin\data\smoke\raw\fashion\train\phases\phase_00042.png,normalized_key,,5f898dbe220b61f03c3e9028fd01109d1344a557e7e29ec0fe6a3bfb19383e57,c769f2e97eab02c90ba46c2b57fc968fdd89b27383d8feaad7b08f3079561845,5f898dbe220b61f03c3e9028fd01109d1344a557e7e29ec0fe6a3bfb19383e57,00000000018003c00ff01ff83ffc3ffc1ff81ff80ff80ff00ff00ff003c00000
fashion_train_00043_000127,fashion,train,E:\laser and photonics\MCF-QPI_项目\MCF_QPI_RVQTwin\data\smoke\raw\fashion\train\speckles\speckle_00043.png,E:\laser and photonics\MCF-QPI_项目\MCF_QPI_RVQTwin\data\smoke\raw\fashion\train\phases\phase_00043.png,normalized_key,,2e665931db602fbe3f7cc1681f104ec0c31898e7f7d7867ffa5aeed40facbd24,505efa4fa5558901b739c29b688dda6327b3e3bf0b887b6fd7349b230b86d973,2e665931db602fbe3f7cc1681f104ec0c31898e7f7d7867ffa5aeed40facbd24,00000000000003c007f01ff83ffc1ff81ff81ff81ff80ff00ff00ff000000000
fashion_train_00044_000128,fashion,train,E:\laser and photonics\MCF-QPI_项目\MCF_QPI_RVQTwin\data\smoke\raw\fashion\train\speckles\speckle_00044.png,E:\laser and photonics\MCF-QPI_项目\MCF_QPI_RVQTwin\data\smoke\raw\fashion\train\phases\phase_00044.png,normalized_key,,886226dd175ee1b29e70386af74c6436a2d18467f6b5f52a1a82066699b4b746,79267f832ee463ebfd88aeee51912f0f6eb46dde89c019d97fe71e59d297b206,886226dd175ee1b29e70386af74c6436a2d18467f6b5f52a1a82066699b4b746,00000000008003c00ff01ff83ffc3ffc1ff81ff81ff80ff00ff00ff000000000
fashion_train_00045_000129,fashion,train,E:\laser and photonics\MCF-QPI_项目\MCF_QPI_RVQTwin\data\smoke\raw\fashion\train\speckles\speckle_00045.png,E:\laser and photonics\MCF-QPI_项目\MCF_QPI_RVQTwin\data\smoke\raw\fashion\train\phases\phase_00045.png,normalized_key,,8dc52500a929c0abf93dddf2aeeb4a6d78b381964f64febf86a1aae7dfc87fb1,f537015f76e7801aa7874f94b0afd03b68b39e0174284d7bb4045c536ec3ed6c,8dc52500a929c0abf93dddf2aeeb4a6d78b381964f64febf86a1aae7dfc87fb1,00000000018003c00ff01ff83ffc1ff81ff81ff81ff80ff00ff00ff000000000
fashion_train_00046_000130,fashion,train,E:\laser and photonics\MCF-QPI_项目\MCF_QPI_RVQTwin\data\smoke\raw\fashion\train\speckles\speckle_00046.png,E:\laser and photonics\MCF-QPI_项目\MCF_QPI_RVQTwin\data\smoke\raw\fashion\train\phases\phase_00046.png,normalized_key,,d5d750ac7cb34f0b97dccecc9ecb9d0fb9ab01b99e5399af456426674a5fe41b,5cd5eea32be5086147624b19ddeccbbf7abf105ae020c61a900d27922beb5e41,d5d750ac7cb34f0b97dccecc9ecb9d0fb9ab01b99e5399af456426674a5fe41b,00000000018003c00ff01ff83ffc3ff81ff81ff81ff80ff00ff00ff003c00000
fashion_train_00047_000131,fashion,train,E:\laser and photonics\MCF-QPI_项目\MCF_QPI_RVQTwin\data\smoke\raw\fashion\train\speckles\speckle_00047.png,E:\laser and photonics\MCF-QPI_项目\MCF_QPI_RVQTwin\data\smoke\raw\fashion\train\phases\phase_00047.png,normalized_key,,cc83793801f20a7ba1f9ca672a006143e69d3a0b05be725fdcb6f703e9df6707,827bf4708f26b67e144eeaeaa368357738ea1d5a183378257ea19c4f12f2349c,cc83793801f20a7ba1f9ca672a006143e69d3a0b05be725fdcb6f703e9df6707,00000000000003c00ff01ff83ffc3ff81ff81ff81ff80ff00ff00ff000000000
fashion_val_00000_000132,fashion,val,E:\laser and photonics\MCF-QPI_项目\MCF_QPI_RVQTwin\data\smoke\raw\fashion\val\speckles\speckle_00000.png,E:\laser and photonics\MCF-QPI_项目\MCF_QPI_RVQTwin\data\smoke\raw\fashion\val\phases\phase_00000.png,normalized_key,,b4ba36d7912ceb015abf09fb6dce0b6f547f45a502c6bd9a308cbc2f313f6512,132e60a4ee8d641395965e2cc08f9669bb2987cbd9243c54f609dc0d0f525fae,b4ba36d7912ceb015abf09fb6dce0b6f547f45a502c6bd9a308cbc2f313f6512,00000000018003c00ff01ff83ffc3ffc11f811f81ff80ff00ff00ff007e00000
fashion_val_00001_000133,fashion,val,E:\laser and photonics\MCF-QPI_项目\MCF_QPI_RVQTwin\data\smoke\raw\fashion\val\speckles\speckle_00001.png,E:\laser and photonics\MCF-QPI_项目\MCF_QPI_RVQTwin\data\smoke\raw\fashion\val\phases\phase_00001.png,normalized_key,,c5e9633621a21922a248d02233dfbad0fbbf2c1e928bb9a2fd20693d1a7e5535,c2d78dcf18e9f21f55bdd20ca9207dd179a6ff55f9379e3da4cf0694bb069da8,c5e9633621a21922a248d02233dfbad0fbbf2c1e928bb9a2fd20693d1a7e5535,00000000018003c00ff01ff83ffc3ffc1ff81ff81ff80ff00ff00ff000000000
fashion_val_00002_000134,fashion,val,E:\laser and photonics\MCF-QPI_项目\MCF_QPI_RVQTwin\data\smoke\raw\fashion\val\speckles\speckle_00002.png,E:\laser and photonics\MCF-QPI_项目\MCF_QPI_RVQTwin\data\smoke\raw\fashion\val\phases\phase_00002.png,normalized_key,,a1a1dcd6fc506cb0606c4adf1475cfbc0ab7cf30e1f62d99acec621f50469170,df6a05999ad8c0ff6fee73b1a97dbd413fb16b95f19560aacc646808b8ba407d,a1a1dcd6fc506cb0606c4adf1475cfbc0ab7cf30e1f62d99acec621f50469170,00000000008003f80ff81ffc3ffc1ff81ff81ff81ff80ff00ff00ff000000000
fashion_val_00003_000135,fashion,val,E:\laser and photonics\MCF-QPI_项目\MCF_QPI_RVQTwin\data\smoke\raw\fashion\val\speckles\speckle_00003.png,E:\laser and photonics\MCF-QPI_项目\MCF_QPI_RVQTwin\data\smoke\raw\fashion\val\phases\phase_00003.png,normalized_key,,290d5f120b709d94beb0b997dac7b824b11ee75755e2c7adeaaee2d8e0910e96,2891c76b454b722a9afd4ec6259f30edd25e5de3881dce904849308c7f7e7e44,290d5f120b709d94beb0b997dac7b824b11ee75755e2c7adeaaee2d8e0910e96,00000000000003000f001f183f9c3ffc1ff81ff81ff80ff00ff00ff007e00000
fashion_val_00004_000136,fashion,val,E:\laser and photonics\MCF-QPI_项目\MCF_QPI_RVQTwin\data\smoke\raw\fashion\val\speckles\speckle_00004.png,E:\laser and photonics\MCF-QPI_项目\MCF_QPI_RVQTwin\data\smoke\raw\fashion\val\phases\phase_00004.png,normalized_key,,177d670a1b9276f2cc10cf68d2a2df79d1abda15af5c10678bf11c3f32b3e430,e9fb0b3fb7b7a93b940453b1ef78dc822ae6db36e6fbcee85d7304d0b5d04d3b,177d670a1b9276f2cc10cf68d2a2df79d1abda15af5c10678bf11c3f32b3e430,00000000008003f00ff01ff83ffc1ff81ff81ff81ff80ff00ff00ff000000000
fashion_val_00005_000137,fashion,val,E:\laser and photonics\MCF-QPI_项目\MCF_QPI_RVQTwin\data\smoke\raw\fashion\val\speckles\speckle_00005.png,E:\laser and photonics\MCF-QPI_项目\MCF_QPI_RVQTwin\data\smoke\raw\fashion\val\phases\phase_00005.png,normalized_key,,7095e3338faa7e74fb2d365dc21c269f085acd7d5579f40288b5568f1d2fb650,9485579d20bd8c61a69e204a1ac49937bc4598083ede349d2e9740e3bd501269,7095e3338faa7e74fb2d365dc21c269f085acd7d5579f40288b5568f1d2fb650,0000000000001fc01ff01ff83ffc1ff81ff81ff81ff80ff00ff00ff000000000
fashion_val_00006_000138,fashion,val,E:\laser and photonics\MCF-QPI_项目\MCF_QPI_RVQTwin\data\smoke\raw\fashion\val\speckles\speckle_00006.png,E:\laser and photonics\MCF-QPI_项目\MCF_QPI_RVQTwin\data\smoke\raw\fashion\val\phases\phase_00006.png,normalized_key,,99d438cffae5512d80e085f7b84d70c9c7dc6ae684a6f0e277e392c5fbef1e70,ebbc152aa9c1c7d45170071cf7d7b64541f05a1c73734cc4a51d8102be45db54,99d438cffae5512d80e085f7b84d70c9c7dc6ae684a6f0e277e392c5fbef1e70,00000000018003c00ff01ff83ffc3ffc1ff81ff81ff80ff00ff00ff000000000
fashion_val_00007_000139,fashion,val,E:\laser and photonics\MCF-QPI_项目\MCF_QPI_RVQTwin\data\smoke\raw\fashion\val\speckles\speckle_00007.png,E:\laser and photonics\MCF-QPI_项目\MCF_QPI_RVQTwin\data\smoke\raw\fashion\val\phases\phase_00007.png,normalized_key,,efea8150b1216f4736e9a06e05b52ded5d59dd01de429a548a3b432557728574,6a64a61721f4bd4fa50748433be77a9bb9103385b0b7c9e55cc2c300cb4f9a0c,efea8150b1216f4736e9a06e05b52ded5d59dd01de429a548a3b432557728574,00000000018003c00fc01ff83ffc3ffc1ff81ff81ff80ff00ff00ff003c00000
fashion_val_00008_000140,fashion,val,E:\laser and photonics\MCF-QPI_项目\MCF_QPI_RVQTwin\data\smoke\raw\fashion\val\speckles\speckle_00008.png,E:\laser and photonics\MCF-QPI_项目\MCF_QPI_RVQTwin\data\smoke\raw\fashion\val\phases\phase_00008.png,normalized_key,,c080723eb2eeba1b98e129264b27918a09a5214716f43cf7da0fe9c303de2275,b594eba75c95f135380c84ee8d4af8f738041f3145b6271a8f6570f528ca3f91,c080723eb2eeba1b98e129264b27918a09a5214716f43cf7da0fe9c303de2275,00000000018003c00ff01ff83ffc3ffc1ff81fd81ff80ff00ff00ff003c00000
fashion_val_00009_000141,fashion,val,E:\laser and photonics\MCF-QPI_项目\MCF_QPI_RVQTwin\data\smoke\raw\fashion\val\speckles\speckle_00009.png,E:\laser and photonics\MCF-QPI_项目\MCF_QPI_RVQTwin\data\smoke\raw\fashion\val\phases\phase_00009.png,normalized_key,,f228013af97d3a3844176aba3da66eaffd34879f39ef9c1673e01c26ab0a1c81,b0c304f2edca8ef1af2abaa60b6db2b2dcc9352b63e266f611b65aa348e64031,f228013af97d3a3844176aba3da66eaffd34879f39ef9c1673e01c26ab0a1c81,00000000018003c00ff01ff83ffc3ffc1ff81ff81ff80ff00ff00ff000000000
fashion_val_00010_000142,fashion,val,E:\laser and photonics\MCF-QPI_项目\MCF_QPI_RVQTwin\data\smoke\raw\fashion\val\speckles\speckle_00010.png,E:\laser and photonics\MCF-QPI_项目\MCF_QPI_RVQTwin\data\smoke\raw\fashion\val\phases\phase_00010.png,normalized_key,,2c2967f4b6af1e226d982019d594e4bdb59c4e08dc320950e6676f0c5e375930,e63461dc5b00cac5fd08cfbd3103ef19f6474c5cf2b22c839c50f6c99d40c644,2c2967f4b6af1e226d982019d594e4bdb59c4e08dc320950e6676f0c5e375930,00000000008003c00ff01ff83ffc3ffc1ff81ff81ff80ff00ff00ff000000000
fashion_val_00011_000143,fashion,val,E:\laser and photonics\MCF-QPI_项目\MCF_QPI_RVQTwin\data\smoke\raw\fashion\val\speckles\speckle_00011.png,E:\laser and photonics\MCF-QPI_项目\MCF_QPI_RVQTwin\data\smoke\raw\fashion\val\phases\phase_00011.png,normalized_key,,8b374c8fecb43092817c6f657253923ee379cbd3bba02a0d7f36e5220c192ea5,fdecedfee473067092f61d91e03eb89651bdf9f5ba88a5e035cb2fe4ac2bab16,8b374c8fecb43092817c6f657253923ee379cbd3bba02a0d7f36e5220c192ea5,00000000018007c00ff01ff83f3c3ffc1ff81ff81ff80ff00ff00ff003c00000
